MUNICIPIO,CNAE,TOTAL
"ACRELANDIA","9602502","5"
"ACRELANDIA","9602501","25"
"ACRELANDIA","9529104","1"
"ACRELANDIA","9529102","1"
"ACRELANDIA","9521500","1"
"ACRELANDIA","9512600","3"
"ACRELANDIA","9511800","2"
"ACRELANDIA","9001906","1"
"ACRELANDIA","8599699","1"
"ACRELANDIA","8599605","1"
"ACRELANDIA","8599604","4"
"ACRELANDIA","8599603","1"
"ACRELANDIA","8592903","1"
"ACRELANDIA","8299799","2"
"ACRELANDIA","8291100","4"
"ACRELANDIA","8230001","4"
"ACRELANDIA","8219999","3"
"ACRELANDIA","8020002","1"
"ACRELANDIA","7911200","7"
"ACRELANDIA","7732201","1"
"ACRELANDIA","7731400","3"
"ACRELANDIA","7722500","1"
"ACRELANDIA","7420003","1"
"ACRELANDIA","7420002","1"
"ACRELANDIA","7420001","2"
"ACRELANDIA","7319099","1"
"ACRELANDIA","7319002","27"
"ACRELANDIA","6190699","1"
"ACRELANDIA","5912099","1"
"ACRELANDIA","5819100","1"
"ACRELANDIA","5811500","1"
"ACRELANDIA","5620104","3"
"ACRELANDIA","5620102","2"
"ACRELANDIA","5620101","2"
"ACRELANDIA","5612100","3"
"ACRELANDIA","5611205","26"
"ACRELANDIA","5611204","32"
"ACRELANDIA","5611203","23"
"ACRELANDIA","5611201","10"
"ACRELANDIA","5590699","2"
"ACRELANDIA","5590603","1"
"ACRELANDIA","5590602","1"
"ACRELANDIA","5320202","1"
"ACRELANDIA","5212500","2"
"ACRELANDIA","4930204","1"
"ACRELANDIA","4930201","11"
"ACRELANDIA","4929902","1"
"ACRELANDIA","4789099","3"
"ACRELANDIA","4789004","1"
"ACRELANDIA","4789002","1"
"ACRELANDIA","4789001","1"
"ACRELANDIA","4785799","1"
"ACRELANDIA","4783101","1"
"ACRELANDIA","4782201","2"
"ACRELANDIA","4781400","51"
"ACRELANDIA","4772500","3"
"ACRELANDIA","4763603","1"
"ACRELANDIA","4763601","1"
"ACRELANDIA","4761001","1"
"ACRELANDIA","4759899","1"
"ACRELANDIA","4757100","1"
"ACRELANDIA","4755503","4"
"ACRELANDIA","4755502","10"
"ACRELANDIA","4755501","1"
"ACRELANDIA","4754702","1"
"ACRELANDIA","4752100","2"
"ACRELANDIA","4751201","5"
"ACRELANDIA","4744099","1"
"ACRELANDIA","4732600","1"
"ACRELANDIA","4729699","8"
"ACRELANDIA","4724500","3"
"ACRELANDIA","4723700","14"
"ACRELANDIA","4722901","1"
"ACRELANDIA","4721102","3"
"ACRELANDIA","4713002","1"
"ACRELANDIA","4712100","11"
"ACRELANDIA","4543900","3"
"ACRELANDIA","4541206","3"
"ACRELANDIA","4530704","1"
"ACRELANDIA","4530703","2"
"ACRELANDIA","4520006","3"
"ACRELANDIA","4520005","1"
"ACRELANDIA","4520003","1"
"ACRELANDIA","4520002","2"
"ACRELANDIA","4520001","9"
"ACRELANDIA","4399103","12"
"ACRELANDIA","4330499","1"
"ACRELANDIA","4330404","3"
"ACRELANDIA","4330402","1"
"ACRELANDIA","4322302","8"
"ACRELANDIA","4321500","2"
"ACRELANDIA","3321000","1"
"ACRELANDIA","3314707","1"
"ACRELANDIA","3314702","1"
"ACRELANDIA","3299099","1"
"ACRELANDIA","3103900","1"
"ACRELANDIA","3101200","3"
"ACRELANDIA","2599301","1"
"ACRELANDIA","2542000","3"
"ACRELANDIA","2539001","2"
"ACRELANDIA","2512800","1"
"ACRELANDIA","2330399","1"
"ACRELANDIA","1813099","1"
"ACRELANDIA","1623400","1"
"ACRELANDIA","1622699","1"
"ACRELANDIA","1539400","1"
"ACRELANDIA","1529700","3"
"ACRELANDIA","1412603","1"
"ACRELANDIA","1412602","1"
"ACRELANDIA","1412601","1"
"ACRELANDIA","1352900","1"
"ACRELANDIA","1340599","1"
"ACRELANDIA","1099604","1"
"ACRELANDIA","1091102","5"
"ACRELANDIA","1091101","4"
"ACRELANDIA","1063500","1"
"ACRELANDIA","0161003","2"
"ASSIS BRASIL","9700500","2"
"ASSIS BRASIL","9609299","2"
"ASSIS BRASIL","9602502","1"
"ASSIS BRASIL","9602501","9"
"ASSIS BRASIL","9511800","5"
"ASSIS BRASIL","8599605","1"
"ASSIS BRASIL","8599604","1"
"ASSIS BRASIL","8599603","1"
"ASSIS BRASIL","8592999","1"
"ASSIS BRASIL","8291100","1"
"ASSIS BRASIL","8230001","1"
"ASSIS BRASIL","8219999","2"
"ASSIS BRASIL","8130300","2"
"ASSIS BRASIL","8020002","1"
"ASSIS BRASIL","7990200","1"
"ASSIS BRASIL","7732201","1"
"ASSIS BRASIL","7731400","3"
"ASSIS BRASIL","7319099","1"
"ASSIS BRASIL","7319002","5"
"ASSIS BRASIL","5620104","5"
"ASSIS BRASIL","5612100","2"
"ASSIS BRASIL","5611205","7"
"ASSIS BRASIL","5611204","2"
"ASSIS BRASIL","5611203","11"
"ASSIS BRASIL","5611201","9"
"ASSIS BRASIL","5590699","3"
"ASSIS BRASIL","5590603","1"
"ASSIS BRASIL","5320202","1"
"ASSIS BRASIL","5212500","4"
"ASSIS BRASIL","4930204","3"
"ASSIS BRASIL","4930201","3"
"ASSIS BRASIL","4929902","3"
"ASSIS BRASIL","4929901","4"
"ASSIS BRASIL","4924800","5"
"ASSIS BRASIL","4923001","1"
"ASSIS BRASIL","4789099","8"
"ASSIS BRASIL","4789008","1"
"ASSIS BRASIL","4789005","1"
"ASSIS BRASIL","4789001","1"
"ASSIS BRASIL","4783101","1"
"ASSIS BRASIL","4782201","2"
"ASSIS BRASIL","4781400","30"
"ASSIS BRASIL","4772500","3"
"ASSIS BRASIL","4755503","3"
"ASSIS BRASIL","4755502","5"
"ASSIS BRASIL","4753900","1"
"ASSIS BRASIL","4752100","2"
"ASSIS BRASIL","4751201","2"
"ASSIS BRASIL","4744004","1"
"ASSIS BRASIL","4742300","1"
"ASSIS BRASIL","4729699","3"
"ASSIS BRASIL","4729601","1"
"ASSIS BRASIL","4724500","1"
"ASSIS BRASIL","4723700","23"
"ASSIS BRASIL","4722901","4"
"ASSIS BRASIL","4721102","1"
"ASSIS BRASIL","4713002","3"
"ASSIS BRASIL","4712100","15"
"ASSIS BRASIL","4543900","4"
"ASSIS BRASIL","4541206","2"
"ASSIS BRASIL","4520006","2"
"ASSIS BRASIL","4520005","6"
"ASSIS BRASIL","4520002","1"
"ASSIS BRASIL","4520001","5"
"ASSIS BRASIL","4399105","1"
"ASSIS BRASIL","4399103","2"
"ASSIS BRASIL","4330404","2"
"ASSIS BRASIL","4322302","2"
"ASSIS BRASIL","4321500","2"
"ASSIS BRASIL","3314799","1"
"ASSIS BRASIL","3314711","1"
"ASSIS BRASIL","3313999","1"
"ASSIS BRASIL","3212400","1"
"ASSIS BRASIL","3101200","1"
"ASSIS BRASIL","2542000","1"
"ASSIS BRASIL","1412602","1"
"ASSIS BRASIL","1412601","1"
"ASSIS BRASIL","1099604","1"
"ASSIS BRASIL","1096100","1"
"ASSIS BRASIL","1091101","2"
"ASSIS BRASIL","1063500","1"
"ASSIS BRASIL","0322104","1"
"ASSIS BRASIL","0161003","2"
"BRASILEIA","9700500","1"
"BRASILEIA","9609299","3"
"BRASILEIA","9609208","1"
"BRASILEIA","9602502","15"
"BRASILEIA","9602501","50"
"BRASILEIA","9529104","2"
"BRASILEIA","9529102","1"
"BRASILEIA","9529101","1"
"BRASILEIA","9521500","2"
"BRASILEIA","9512600","4"
"BRASILEIA","9511800","6"
"BRASILEIA","8599699","5"
"BRASILEIA","8599605","3"
"BRASILEIA","8599604","9"
"BRASILEIA","8599603","1"
"BRASILEIA","8593700","1"
"BRASILEIA","8299707","2"
"BRASILEIA","8291100","2"
"BRASILEIA","8230002","1"
"BRASILEIA","8230001","2"
"BRASILEIA","8219999","3"
"BRASILEIA","8219901","2"
"BRASILEIA","8130300","2"
"BRASILEIA","8129000","2"
"BRASILEIA","7911200","6"
"BRASILEIA","7739099","3"
"BRASILEIA","7732201","2"
"BRASILEIA","7731400","1"
"BRASILEIA","7420004","2"
"BRASILEIA","7420001","2"
"BRASILEIA","7319099","1"
"BRASILEIA","7319002","46"
"BRASILEIA","6190699","1"
"BRASILEIA","5912099","3"
"BRASILEIA","5812301","5"
"BRASILEIA","5620104","11"
"BRASILEIA","5620102","3"
"BRASILEIA","5620101","4"
"BRASILEIA","5612100","6"
"BRASILEIA","5611205","13"
"BRASILEIA","5611204","15"
"BRASILEIA","5611203","40"
"BRASILEIA","5611201","31"
"BRASILEIA","5590699","3"
"BRASILEIA","5590603","2"
"BRASILEIA","5590602","1"
"BRASILEIA","5590601","1"
"BRASILEIA","5320202","4"
"BRASILEIA","5320201","1"
"BRASILEIA","5229099","7"
"BRASILEIA","5212500","2"
"BRASILEIA","4930202","8"
"BRASILEIA","4930201","3"
"BRASILEIA","4929902","2"
"BRASILEIA","4929901","4"
"BRASILEIA","4924800","28"
"BRASILEIA","4923001","1"
"BRASILEIA","4789099","10"
"BRASILEIA","4789008","1"
"BRASILEIA","4789007","1"
"BRASILEIA","4789004","1"
"BRASILEIA","4789002","1"
"BRASILEIA","4789001","5"
"BRASILEIA","4783102","4"
"BRASILEIA","4783101","2"
"BRASILEIA","4782201","16"
"BRASILEIA","4781400","215"
"BRASILEIA","4774100","3"
"BRASILEIA","4773300","2"
"BRASILEIA","4772500","18"
"BRASILEIA","4763604","4"
"BRASILEIA","4763603","6"
"BRASILEIA","4763602","1"
"BRASILEIA","4763601","1"
"BRASILEIA","4762800","1"
"BRASILEIA","4761002","3"
"BRASILEIA","4761001","1"
"BRASILEIA","4759899","2"
"BRASILEIA","4759801","2"
"BRASILEIA","4755503","8"
"BRASILEIA","4755502","2"
"BRASILEIA","4754702","2"
"BRASILEIA","4753900","4"
"BRASILEIA","4752100","7"
"BRASILEIA","4751201","6"
"BRASILEIA","4744099","5"
"BRASILEIA","4744004","1"
"BRASILEIA","4744001","4"
"BRASILEIA","4743100","1"
"BRASILEIA","4742300","2"
"BRASILEIA","4732600","1"
"BRASILEIA","4729699","10"
"BRASILEIA","4724500","6"
"BRASILEIA","4723700","46"
"BRASILEIA","4722902","5"
"BRASILEIA","4722901","10"
"BRASILEIA","4721102","2"
"BRASILEIA","4713002","7"
"BRASILEIA","4712100","36"
"BRASILEIA","4543900","3"
"BRASILEIA","4541206","8"
"BRASILEIA","4530703","12"
"BRASILEIA","4520007","2"
"BRASILEIA","4520006","4"
"BRASILEIA","4520005","12"
"BRASILEIA","4520002","2"
"BRASILEIA","4520001","8"
"BRASILEIA","4399199","1"
"BRASILEIA","4399103","24"
"BRASILEIA","4330404","8"
"BRASILEIA","4329105","1"
"BRASILEIA","4322302","11"
"BRASILEIA","4321500","18"
"BRASILEIA","3831901","1"
"BRASILEIA","3811400","1"
"BRASILEIA","3600602","1"
"BRASILEIA","3321000","1"
"BRASILEIA","3314707","5"
"BRASILEIA","3299099","1"
"BRASILEIA","3299002","1"
"BRASILEIA","3212400","1"
"BRASILEIA","3211602","1"
"BRASILEIA","3101200","24"
"BRASILEIA","2542000","7"
"BRASILEIA","2539001","1"
"BRASILEIA","2349499","1"
"BRASILEIA","1822901","1"
"BRASILEIA","1813001","2"
"BRASILEIA","1749400","2"
"BRASILEIA","1629301","2"
"BRASILEIA","1622699","1"
"BRASILEIA","1529700","1"
"BRASILEIA","1422300","1"
"BRASILEIA","1412602","4"
"BRASILEIA","1412601","3"
"BRASILEIA","1094500","1"
"BRASILEIA","1092900","2"
"BRASILEIA","1091102","9"
"BRASILEIA","1091101","1"
"BRASILEIA","1065101","1"
"BRASILEIA","1052000","2"
"BRASILEIA","1033301","1"
"BRASILEIA","1031700","2"
"BRASILEIA","0322104","1"
"BRASILEIA","0161003","3"
"BRASILEIA","0159802","1"
"BUJARI","9700500","1"
"BUJARI","9609299","1"
"BUJARI","9609207","1"
"BUJARI","9602502","1"
"BUJARI","9602501","6"
"BUJARI","9529104","1"
"BUJARI","9511800","2"
"BUJARI","9329899","1"
"BUJARI","8599604","1"
"BUJARI","8592903","1"
"BUJARI","8292000","1"
"BUJARI","8230002","1"
"BUJARI","8230001","2"
"BUJARI","8219999","1"
"BUJARI","8130300","1"
"BUJARI","7911200","1"
"BUJARI","7319002","7"
"BUJARI","5912099","1"
"BUJARI","5812301","1"
"BUJARI","5620104","2"
"BUJARI","5612100","2"
"BUJARI","5611205","7"
"BUJARI","5611204","4"
"BUJARI","5611203","3"
"BUJARI","5611201","6"
"BUJARI","5229099","1"
"BUJARI","5099899","1"
"BUJARI","4930202","1"
"BUJARI","4930201","3"
"BUJARI","4929902","1"
"BUJARI","4929901","1"
"BUJARI","4789099","1"
"BUJARI","4789002","1"
"BUJARI","4782201","3"
"BUJARI","4781400","25"
"BUJARI","4774100","2"
"BUJARI","4772500","4"
"BUJARI","4761001","1"
"BUJARI","4755503","1"
"BUJARI","4755502","1"
"BUJARI","4752100","3"
"BUJARI","4751201","1"
"BUJARI","4744099","2"
"BUJARI","4729699","1"
"BUJARI","4724500","9"
"BUJARI","4723700","25"
"BUJARI","4722901","2"
"BUJARI","4721104","1"
"BUJARI","4713002","1"
"BUJARI","4712100","10"
"BUJARI","4543900","4"
"BUJARI","4541206","2"
"BUJARI","4520007","2"
"BUJARI","4520006","1"
"BUJARI","4520005","6"
"BUJARI","4520001","1"
"BUJARI","4399103","6"
"BUJARI","4322302","2"
"BUJARI","4321500","2"
"BUJARI","3299099","2"
"BUJARI","3101200","5"
"BUJARI","2542000","4"
"BUJARI","1813001","1"
"BUJARI","1629302","1"
"BUJARI","1539400","1"
"BUJARI","1412601","1"
"BUJARI","1091102","1"
"BUJARI","1063500","2"
"BUJARI","0161003","2"
"BUJARI","0159802","1"
"BUJARI","0121101","2"
"CAPIXABA","9602502","3"
"CAPIXABA","9602501","3"
"CAPIXABA","9529104","1"
"CAPIXABA","9512600","2"
"CAPIXABA","9511800","3"
"CAPIXABA","9329899","1"
"CAPIXABA","9001906","3"
"CAPIXABA","8599604","2"
"CAPIXABA","8299707","1"
"CAPIXABA","8291100","1"
"CAPIXABA","8230001","1"
"CAPIXABA","8219999","2"
"CAPIXABA","8020002","1"
"CAPIXABA","7731400","1"
"CAPIXABA","7729201","2"
"CAPIXABA","7719599","1"
"CAPIXABA","7319099","1"
"CAPIXABA","7319002","2"
"CAPIXABA","6399200","1"
"CAPIXABA","5819100","2"
"CAPIXABA","5812301","1"
"CAPIXABA","5620104","9"
"CAPIXABA","5620102","1"
"CAPIXABA","5611205","6"
"CAPIXABA","5611204","4"
"CAPIXABA","5611203","6"
"CAPIXABA","5611201","8"
"CAPIXABA","4930202","1"
"CAPIXABA","4929901","1"
"CAPIXABA","4924800","1"
"CAPIXABA","4789004","2"
"CAPIXABA","4789002","1"
"CAPIXABA","4782201","1"
"CAPIXABA","4781400","38"
"CAPIXABA","4773300","1"
"CAPIXABA","4772500","3"
"CAPIXABA","4763603","4"
"CAPIXABA","4761003","3"
"CAPIXABA","4755503","3"
"CAPIXABA","4755502","2"
"CAPIXABA","4753900","2"
"CAPIXABA","4752100","3"
"CAPIXABA","4751202","1"
"CAPIXABA","4751201","2"
"CAPIXABA","4743100","1"
"CAPIXABA","4729699","4"
"CAPIXABA","4729601","1"
"CAPIXABA","4724500","4"
"CAPIXABA","4723700","14"
"CAPIXABA","4722902","1"
"CAPIXABA","4721103","1"
"CAPIXABA","4713002","1"
"CAPIXABA","4712100","14"
"CAPIXABA","4543900","4"
"CAPIXABA","4541206","4"
"CAPIXABA","4530703","2"
"CAPIXABA","4520005","1"
"CAPIXABA","4520003","1"
"CAPIXABA","4399103","7"
"CAPIXABA","4330499","1"
"CAPIXABA","4330404","1"
"CAPIXABA","4322302","3"
"CAPIXABA","4321500","6"
"CAPIXABA","3314707","2"
"CAPIXABA","3299004","1"
"CAPIXABA","3212400","1"
"CAPIXABA","3103900","1"
"CAPIXABA","3101200","2"
"CAPIXABA","2542000","1"
"CAPIXABA","2219600","1"
"CAPIXABA","1622699","1"
"CAPIXABA","1412602","3"
"CAPIXABA","1352900","1"
"CAPIXABA","1091101","3"
"CAPIXABA","1031700","2"
"CAPIXABA","0161003","2"
"CRUZEIRO DO SUL","9700500","12"
"CRUZEIRO DO SUL","9609299","6"
"CRUZEIRO DO SUL","9609208","1"
"CRUZEIRO DO SUL","9609206","2"
"CRUZEIRO DO SUL","9609202","1"
"CRUZEIRO DO SUL","9603304","1"
"CRUZEIRO DO SUL","9602502","26"
"CRUZEIRO DO SUL","9602501","142"
"CRUZEIRO DO SUL","9601701","3"
"CRUZEIRO DO SUL","9529106","1"
"CRUZEIRO DO SUL","9529105","1"
"CRUZEIRO DO SUL","9529104","2"
"CRUZEIRO DO SUL","9529102","2"
"CRUZEIRO DO SUL","9521500","7"
"CRUZEIRO DO SUL","9512600","18"
"CRUZEIRO DO SUL","9511800","20"
"CRUZEIRO DO SUL","9329899","5"
"CRUZEIRO DO SUL","9001902","5"
"CRUZEIRO DO SUL","8712300","1"
"CRUZEIRO DO SUL","8599699","30"
"CRUZEIRO DO SUL","8599605","5"
"CRUZEIRO DO SUL","8599604","23"
"CRUZEIRO DO SUL","8599603","3"
"CRUZEIRO DO SUL","8593700","2"
"CRUZEIRO DO SUL","8592999","16"
"CRUZEIRO DO SUL","8592903","6"
"CRUZEIRO DO SUL","8299799","2"
"CRUZEIRO DO SUL","8299707","5"
"CRUZEIRO DO SUL","8292000","3"
"CRUZEIRO DO SUL","8291100","11"
"CRUZEIRO DO SUL","8230002","5"
"CRUZEIRO DO SUL","8230001","25"
"CRUZEIRO DO SUL","8219999","28"
"CRUZEIRO DO SUL","8219901","2"
"CRUZEIRO DO SUL","8130300","3"
"CRUZEIRO DO SUL","8129000","2"
"CRUZEIRO DO SUL","8020002","6"
"CRUZEIRO DO SUL","7990200","2"
"CRUZEIRO DO SUL","7912100","2"
"CRUZEIRO DO SUL","7911200","7"
"CRUZEIRO DO SUL","7739099","4"
"CRUZEIRO DO SUL","7739003","1"
"CRUZEIRO DO SUL","7733100","1"
"CRUZEIRO DO SUL","7732201","1"
"CRUZEIRO DO SUL","7729202","1"
"CRUZEIRO DO SUL","7721700","1"
"CRUZEIRO DO SUL","7719599","3"
"CRUZEIRO DO SUL","7420004","9"
"CRUZEIRO DO SUL","7420003","2"
"CRUZEIRO DO SUL","7420002","1"
"CRUZEIRO DO SUL","7420001","10"
"CRUZEIRO DO SUL","7319099","6"
"CRUZEIRO DO SUL","7319002","201"
"CRUZEIRO DO SUL","6399200","1"
"CRUZEIRO DO SUL","6190699","3"
"CRUZEIRO DO SUL","5912099","15"
"CRUZEIRO DO SUL","5912001","1"
"CRUZEIRO DO SUL","5819100","8"
"CRUZEIRO DO SUL","5812301","12"
"CRUZEIRO DO SUL","5620104","42"
"CRUZEIRO DO SUL","5620103","3"
"CRUZEIRO DO SUL","5620102","17"
"CRUZEIRO DO SUL","5620101","3"
"CRUZEIRO DO SUL","5612100","28"
"CRUZEIRO DO SUL","5611205","53"
"CRUZEIRO DO SUL","5611204","68"
"CRUZEIRO DO SUL","5611203","118"
"CRUZEIRO DO SUL","5611201","89"
"CRUZEIRO DO SUL","5590699","2"
"CRUZEIRO DO SUL","5590603","5"
"CRUZEIRO DO SUL","5590602","2"
"CRUZEIRO DO SUL","5320202","13"
"CRUZEIRO DO SUL","5320201","2"
"CRUZEIRO DO SUL","5310502","1"
"CRUZEIRO DO SUL","5229099","42"
"CRUZEIRO DO SUL","5229002","2"
"CRUZEIRO DO SUL","5223100","1"
"CRUZEIRO DO SUL","5212500","3"
"CRUZEIRO DO SUL","5099899","10"
"CRUZEIRO DO SUL","5099801","1"
"CRUZEIRO DO SUL","5091202","32"
"CRUZEIRO DO SUL","5021101","2"
"CRUZEIRO DO SUL","5011401","8"
"CRUZEIRO DO SUL","4930204","4"
"CRUZEIRO DO SUL","4930202","24"
"CRUZEIRO DO SUL","4930201","21"
"CRUZEIRO DO SUL","4929902","5"
"CRUZEIRO DO SUL","4929901","12"
"CRUZEIRO DO SUL","4924800","73"
"CRUZEIRO DO SUL","4923001","54"
"CRUZEIRO DO SUL","4789099","22"
"CRUZEIRO DO SUL","4789008","1"
"CRUZEIRO DO SUL","4789005","8"
"CRUZEIRO DO SUL","4789004","10"
"CRUZEIRO DO SUL","4789003","4"
"CRUZEIRO DO SUL","4789002","6"
"CRUZEIRO DO SUL","4789001","2"
"CRUZEIRO DO SUL","4785799","2"
"CRUZEIRO DO SUL","4783102","2"
"CRUZEIRO DO SUL","4783101","7"
"CRUZEIRO DO SUL","4782202","1"
"CRUZEIRO DO SUL","4782201","8"
"CRUZEIRO DO SUL","4781400","430"
"CRUZEIRO DO SUL","4774100","2"
"CRUZEIRO DO SUL","4773300","1"
"CRUZEIRO DO SUL","4772500","63"
"CRUZEIRO DO SUL","4763604","3"
"CRUZEIRO DO SUL","4763603","4"
"CRUZEIRO DO SUL","4763602","7"
"CRUZEIRO DO SUL","4763601","3"
"CRUZEIRO DO SUL","4761003","6"
"CRUZEIRO DO SUL","4761002","1"
"CRUZEIRO DO SUL","4761001","4"
"CRUZEIRO DO SUL","4759899","6"
"CRUZEIRO DO SUL","4759801","1"
"CRUZEIRO DO SUL","4757100","3"
"CRUZEIRO DO SUL","4756300","2"
"CRUZEIRO DO SUL","4755503","22"
"CRUZEIRO DO SUL","4755502","29"
"CRUZEIRO DO SUL","4755501","1"
"CRUZEIRO DO SUL","4754703","1"
"CRUZEIRO DO SUL","4754702","1"
"CRUZEIRO DO SUL","4754701","2"
"CRUZEIRO DO SUL","4753900","7"
"CRUZEIRO DO SUL","4752100","13"
"CRUZEIRO DO SUL","4751201","23"
"CRUZEIRO DO SUL","4744099","11"
"CRUZEIRO DO SUL","4744004","1"
"CRUZEIRO DO SUL","4744002","6"
"CRUZEIRO DO SUL","4744001","6"
"CRUZEIRO DO SUL","4743100","5"
"CRUZEIRO DO SUL","4742300","1"
"CRUZEIRO DO SUL","4741500","1"
"CRUZEIRO DO SUL","4732600","2"
"CRUZEIRO DO SUL","4731800","1"
"CRUZEIRO DO SUL","4729699","46"
"CRUZEIRO DO SUL","4729601","5"
"CRUZEIRO DO SUL","4724500","15"
"CRUZEIRO DO SUL","4723700","127"
"CRUZEIRO DO SUL","4722902","1"
"CRUZEIRO DO SUL","4722901","30"
"CRUZEIRO DO SUL","4721104","4"
"CRUZEIRO DO SUL","4721103","3"
"CRUZEIRO DO SUL","4721102","13"
"CRUZEIRO DO SUL","4713002","20"
"CRUZEIRO DO SUL","4712100","270"
"CRUZEIRO DO SUL","4543900","19"
"CRUZEIRO DO SUL","4541207","1"
"CRUZEIRO DO SUL","4541206","30"
"CRUZEIRO DO SUL","4530705","1"
"CRUZEIRO DO SUL","4530704","1"
"CRUZEIRO DO SUL","4530703","17"
"CRUZEIRO DO SUL","4520007","5"
"CRUZEIRO DO SUL","4520006","9"
"CRUZEIRO DO SUL","4520005","30"
"CRUZEIRO DO SUL","4520003","4"
"CRUZEIRO DO SUL","4520002","7"
"CRUZEIRO DO SUL","4520001","18"
"CRUZEIRO DO SUL","4399199","4"
"CRUZEIRO DO SUL","4399105","1"
"CRUZEIRO DO SUL","4399103","73"
"CRUZEIRO DO SUL","4330499","1"
"CRUZEIRO DO SUL","4330405","2"
"CRUZEIRO DO SUL","4330404","18"
"CRUZEIRO DO SUL","4330403","3"
"CRUZEIRO DO SUL","4329103","1"
"CRUZEIRO DO SUL","4329101","2"
"CRUZEIRO DO SUL","4322302","33"
"CRUZEIRO DO SUL","4321500","38"
"CRUZEIRO DO SUL","3839499","1"
"CRUZEIRO DO SUL","3832700","1"
"CRUZEIRO DO SUL","3329501","3"
"CRUZEIRO DO SUL","3321000","1"
"CRUZEIRO DO SUL","3319800","2"
"CRUZEIRO DO SUL","3317102","3"
"CRUZEIRO DO SUL","3314711","2"
"CRUZEIRO DO SUL","3314710","3"
"CRUZEIRO DO SUL","3314709","1"
"CRUZEIRO DO SUL","3314707","4"
"CRUZEIRO DO SUL","3314701","4"
"CRUZEIRO DO SUL","3313901","2"
"CRUZEIRO DO SUL","3299099","8"
"CRUZEIRO DO SUL","3299004","2"
"CRUZEIRO DO SUL","3299003","1"
"CRUZEIRO DO SUL","3299002","1"
"CRUZEIRO DO SUL","3212400","4"
"CRUZEIRO DO SUL","3103900","2"
"CRUZEIRO DO SUL","3102100","3"
"CRUZEIRO DO SUL","3101200","21"
"CRUZEIRO DO SUL","2599399","3"
"CRUZEIRO DO SUL","2543800","1"
"CRUZEIRO DO SUL","2542000","21"
"CRUZEIRO DO SUL","2539001","9"
"CRUZEIRO DO SUL","2532201","4"
"CRUZEIRO DO SUL","2512800","3"
"CRUZEIRO DO SUL","2391503","4"
"CRUZEIRO DO SUL","2349499","2"
"CRUZEIRO DO SUL","2330399","2"
"CRUZEIRO DO SUL","1822901","1"
"CRUZEIRO DO SUL","1821100","1"
"CRUZEIRO DO SUL","1813099","2"
"CRUZEIRO DO SUL","1813001","8"
"CRUZEIRO DO SUL","1749400","2"
"CRUZEIRO DO SUL","1629301","5"
"CRUZEIRO DO SUL","1622699","7"
"CRUZEIRO DO SUL","1531902","1"
"CRUZEIRO DO SUL","1529700","2"
"CRUZEIRO DO SUL","1422300","8"
"CRUZEIRO DO SUL","1412603","2"
"CRUZEIRO DO SUL","1412602","16"
"CRUZEIRO DO SUL","1412601","4"
"CRUZEIRO DO SUL","1359600","2"
"CRUZEIRO DO SUL","1352900","4"
"CRUZEIRO DO SUL","1340599","1"
"CRUZEIRO DO SUL","1340501","4"
"CRUZEIRO DO SUL","1122403","1"
"CRUZEIRO DO SUL","1099699","2"
"CRUZEIRO DO SUL","1099605","1"
"CRUZEIRO DO SUL","1095300","3"
"CRUZEIRO DO SUL","1093702","1"
"CRUZEIRO DO SUL","1092900","1"
"CRUZEIRO DO SUL","1091102","14"
"CRUZEIRO DO SUL","1091101","13"
"CRUZEIRO DO SUL","1069400","3"
"CRUZEIRO DO SUL","1065101","1"
"CRUZEIRO DO SUL","1063500","4"
"CRUZEIRO DO SUL","1052000","1"
"CRUZEIRO DO SUL","1033302","1"
"CRUZEIRO DO SUL","1033301","1"
"CRUZEIRO DO SUL","1031700","2"
"CRUZEIRO DO SUL","0322104","1"
"CRUZEIRO DO SUL","0161003","9"
"CRUZEIRO DO SUL","0159802","1"
"CRUZEIRO DO SUL","0159801","1"
"CRUZEIRO DO SUL","0121101","3"
"EPITACIOLANDIA","9609299","2"
"EPITACIOLANDIA","9602502","7"
"EPITACIOLANDIA","9602501","28"
"EPITACIOLANDIA","9529104","1"
"EPITACIOLANDIA","9521500","1"
"EPITACIOLANDIA","9512600","2"
"EPITACIOLANDIA","9511800","7"
"EPITACIOLANDIA","8599699","1"
"EPITACIOLANDIA","8599604","4"
"EPITACIOLANDIA","8599603","1"
"EPITACIOLANDIA","8592903","1"
"EPITACIOLANDIA","8299707","1"
"EPITACIOLANDIA","8291100","2"
"EPITACIOLANDIA","8230001","2"
"EPITACIOLANDIA","8219999","3"
"EPITACIOLANDIA","8130300","1"
"EPITACIOLANDIA","7911200","2"
"EPITACIOLANDIA","7732201","4"
"EPITACIOLANDIA","7731400","1"
"EPITACIOLANDIA","7729202","1"
"EPITACIOLANDIA","7721700","2"
"EPITACIOLANDIA","7420001","1"
"EPITACIOLANDIA","7319099","2"
"EPITACIOLANDIA","7319002","26"
"EPITACIOLANDIA","5912099","1"
"EPITACIOLANDIA","5819100","1"
"EPITACIOLANDIA","5812301","1"
"EPITACIOLANDIA","5620104","13"
"EPITACIOLANDIA","5620102","1"
"EPITACIOLANDIA","5612100","4"
"EPITACIOLANDIA","5611205","3"
"EPITACIOLANDIA","5611204","6"
"EPITACIOLANDIA","5611203","26"
"EPITACIOLANDIA","5611201","16"
"EPITACIOLANDIA","5590699","1"
"EPITACIOLANDIA","5590603","3"
"EPITACIOLANDIA","5320202","1"
"EPITACIOLANDIA","5320201","1"
"EPITACIOLANDIA","5229099","5"
"EPITACIOLANDIA","5212500","6"
"EPITACIOLANDIA","4930204","4"
"EPITACIOLANDIA","4930201","3"
"EPITACIOLANDIA","4923001","3"
"EPITACIOLANDIA","4789099","2"
"EPITACIOLANDIA","4789008","3"
"EPITACIOLANDIA","4789005","3"
"EPITACIOLANDIA","4789004","1"
"EPITACIOLANDIA","4789001","7"
"EPITACIOLANDIA","4785799","1"
"EPITACIOLANDIA","4783102","1"
"EPITACIOLANDIA","4783101","5"
"EPITACIOLANDIA","4782201","5"
"EPITACIOLANDIA","4781400","134"
"EPITACIOLANDIA","4774100","1"
"EPITACIOLANDIA","4772500","16"
"EPITACIOLANDIA","4763604","1"
"EPITACIOLANDIA","4763603","2"
"EPITACIOLANDIA","4763602","2"
"EPITACIOLANDIA","4761003","1"
"EPITACIOLANDIA","4759801","1"
"EPITACIOLANDIA","4757100","1"
"EPITACIOLANDIA","4755503","5"
"EPITACIOLANDIA","4755502","6"
"EPITACIOLANDIA","4754702","4"
"EPITACIOLANDIA","4753900","2"
"EPITACIOLANDIA","4752100","7"
"EPITACIOLANDIA","4751201","2"
"EPITACIOLANDIA","4743100","1"
"EPITACIOLANDIA","4741500","1"
"EPITACIOLANDIA","4732600","1"
"EPITACIOLANDIA","4729699","6"
"EPITACIOLANDIA","4729601","3"
"EPITACIOLANDIA","4724500","3"
"EPITACIOLANDIA","4723700","18"
"EPITACIOLANDIA","4722902","4"
"EPITACIOLANDIA","4722901","8"
"EPITACIOLANDIA","4721102","1"
"EPITACIOLANDIA","4713002","2"
"EPITACIOLANDIA","4712100","24"
"EPITACIOLANDIA","4543900","2"
"EPITACIOLANDIA","4541207","1"
"EPITACIOLANDIA","4541206","1"
"EPITACIOLANDIA","4530704","1"
"EPITACIOLANDIA","4530703","1"
"EPITACIOLANDIA","4520006","1"
"EPITACIOLANDIA","4520005","1"
"EPITACIOLANDIA","4520003","3"
"EPITACIOLANDIA","4520002","1"
"EPITACIOLANDIA","4520001","9"
"EPITACIOLANDIA","4399105","2"
"EPITACIOLANDIA","4399103","8"
"EPITACIOLANDIA","4330404","2"
"EPITACIOLANDIA","4330403","1"
"EPITACIOLANDIA","4329105","1"
"EPITACIOLANDIA","4329103","1"
"EPITACIOLANDIA","4322302","7"
"EPITACIOLANDIA","4321500","4"
"EPITACIOLANDIA","3831999","2"
"EPITACIOLANDIA","3831901","1"
"EPITACIOLANDIA","3811400","1"
"EPITACIOLANDIA","3600602","1"
"EPITACIOLANDIA","3314710","2"
"EPITACIOLANDIA","3313999","1"
"EPITACIOLANDIA","3299099","2"
"EPITACIOLANDIA","3299003","1"
"EPITACIOLANDIA","3103900","1"
"EPITACIOLANDIA","3101200","6"
"EPITACIOLANDIA","2599301","1"
"EPITACIOLANDIA","2543800","1"
"EPITACIOLANDIA","2542000","6"
"EPITACIOLANDIA","2539001","2"
"EPITACIOLANDIA","2330399","2"
"EPITACIOLANDIA","2219600","1"
"EPITACIOLANDIA","1822901","1"
"EPITACIOLANDIA","1629302","1"
"EPITACIOLANDIA","1531902","1"
"EPITACIOLANDIA","1529700","1"
"EPITACIOLANDIA","1412602","2"
"EPITACIOLANDIA","1412601","1"
"EPITACIOLANDIA","1352900","1"
"EPITACIOLANDIA","1094500","1"
"EPITACIOLANDIA","1091102","6"
"EPITACIOLANDIA","1091101","4"
"EPITACIOLANDIA","0161003","2"
"FEIJO","9700500","1"
"FEIJO","9609299","1"
"FEIJO","9609208","2"
"FEIJO","9609206","1"
"FEIJO","9602502","8"
"FEIJO","9602501","25"
"FEIJO","9529104","1"
"FEIJO","9521500","1"
"FEIJO","9512600","1"
"FEIJO","9511800","1"
"FEIJO","9329899","1"
"FEIJO","8712300","1"
"FEIJO","8599699","2"
"FEIJO","8599605","1"
"FEIJO","8599604","6"
"FEIJO","8592999","1"
"FEIJO","8592903","1"
"FEIJO","8291100","2"
"FEIJO","8230002","4"
"FEIJO","8230001","4"
"FEIJO","8219999","1"
"FEIJO","7990200","1"
"FEIJO","7912100","2"
"FEIJO","7911200","1"
"FEIJO","7420004","1"
"FEIJO","7420001","2"
"FEIJO","7319099","1"
"FEIJO","7319002","27"
"FEIJO","5912099","1"
"FEIJO","5819100","2"
"FEIJO","5620104","5"
"FEIJO","5620103","1"
"FEIJO","5620102","15"
"FEIJO","5612100","11"
"FEIJO","5611205","13"
"FEIJO","5611204","10"
"FEIJO","5611203","13"
"FEIJO","5611201","17"
"FEIJO","5590699","1"
"FEIJO","5320202","1"
"FEIJO","5229099","8"
"FEIJO","5229002","1"
"FEIJO","5099899","17"
"FEIJO","4930201","1"
"FEIJO","4929901","3"
"FEIJO","4924800","33"
"FEIJO","4923001","3"
"FEIJO","4789099","9"
"FEIJO","4789004","1"
"FEIJO","4789003","1"
"FEIJO","4789001","2"
"FEIJO","4783102","2"
"FEIJO","4783101","3"
"FEIJO","4782201","7"
"FEIJO","4781400","94"
"FEIJO","4774100","2"
"FEIJO","4772500","15"
"FEIJO","4763603","3"
"FEIJO","4763601","1"
"FEIJO","4759899","3"
"FEIJO","4756300","1"
"FEIJO","4755503","8"
"FEIJO","4755502","11"
"FEIJO","4755501","1"
"FEIJO","4754701","1"
"FEIJO","4753900","6"
"FEIJO","4752100","1"
"FEIJO","4751201","1"
"FEIJO","4744099","3"
"FEIJO","4744002","1"
"FEIJO","4743100","1"
"FEIJO","4729699","9"
"FEIJO","4729601","2"
"FEIJO","4724500","6"
"FEIJO","4723700","18"
"FEIJO","4722902","2"
"FEIJO","4722901","9"
"FEIJO","4721103","2"
"FEIJO","4721102","1"
"FEIJO","4712100","92"
"FEIJO","4543900","4"
"FEIJO","4541206","7"
"FEIJO","4530705","1"
"FEIJO","4530703","6"
"FEIJO","4520006","5"
"FEIJO","4520005","3"
"FEIJO","4520002","2"
"FEIJO","4520001","1"
"FEIJO","4399199","1"
"FEIJO","4399103","6"
"FEIJO","4330404","2"
"FEIJO","4330402","1"
"FEIJO","4322302","7"
"FEIJO","4321500","6"
"FEIJO","3831901","1"
"FEIJO","3319800","1"
"FEIJO","3314707","1"
"FEIJO","3313901","1"
"FEIJO","3299099","4"
"FEIJO","3292202","1"
"FEIJO","3291400","1"
"FEIJO","3212400","1"
"FEIJO","3103900","1"
"FEIJO","3101200","4"
"FEIJO","2542000","1"
"FEIJO","2539001","3"
"FEIJO","2512800","1"
"FEIJO","1813099","1"
"FEIJO","1813001","2"
"FEIJO","1629301","2"
"FEIJO","1622699","1"
"FEIJO","1412603","1"
"FEIJO","1412602","4"
"FEIJO","1099604","1"
"FEIJO","1094500","1"
"FEIJO","1091102","2"
"FEIJO","1091101","3"
"FEIJO","1033302","1"
"FEIJO","1031700","6"
"FEIJO","0161003","6"
"JORDAO","9700500","1"
"JORDAO","9609206","1"
"JORDAO","9602501","6"
"JORDAO","9601701","1"
"JORDAO","9529104","1"
"JORDAO","9001902","1"
"JORDAO","8599604","2"
"JORDAO","8592999","1"
"JORDAO","8230002","1"
"JORDAO","8230001","1"
"JORDAO","8219901","1"
"JORDAO","7990200","1"
"JORDAO","7912100","1"
"JORDAO","7731400","1"
"JORDAO","7319002","2"
"JORDAO","5620104","3"
"JORDAO","5612100","2"
"JORDAO","5611205","1"
"JORDAO","5611204","4"
"JORDAO","5611203","1"
"JORDAO","5611201","5"
"JORDAO","5590699","1"
"JORDAO","5099801","1"
"JORDAO","4929902","1"
"JORDAO","4781400","14"
"JORDAO","4772500","5"
"JORDAO","4763603","4"
"JORDAO","4763602","1"
"JORDAO","4759899","1"
"JORDAO","4757100","1"
"JORDAO","4755503","2"
"JORDAO","4755502","1"
"JORDAO","4752100","1"
"JORDAO","4744002","1"
"JORDAO","4732600","1"
"JORDAO","4729699","1"
"JORDAO","4723700","7"
"JORDAO","4722901","4"
"JORDAO","4721104","1"
"JORDAO","4713002","1"
"JORDAO","4712100","21"
"JORDAO","4530703","1"
"JORDAO","4322302","2"
"JORDAO","4321500","1"
"JORDAO","3299099","2"
"JORDAO","3212400","1"
"JORDAO","3101200","2"
"JORDAO","2542000","1"
"JORDAO","1821100","1"
"JORDAO","1412602","1"
"JORDAO","1412601","1"
"JORDAO","1220499","1"
"JORDAO","1099604","1"
"JORDAO","0121101","1"
"MANCIO LIMA","9609208","1"
"MANCIO LIMA","9602502","1"
"MANCIO LIMA","9602501","8"
"MANCIO LIMA","9521500","1"
"MANCIO LIMA","9512600","2"
"MANCIO LIMA","8599604","1"
"MANCIO LIMA","8291100","1"
"MANCIO LIMA","8230002","1"
"MANCIO LIMA","7420002","1"
"MANCIO LIMA","7420001","2"
"MANCIO LIMA","7319002","8"
"MANCIO LIMA","6399200","1"
"MANCIO LIMA","5912099","1"
"MANCIO LIMA","5620104","2"
"MANCIO LIMA","5620102","1"
"MANCIO LIMA","5612100","2"
"MANCIO LIMA","5611205","6"
"MANCIO LIMA","5611204","10"
"MANCIO LIMA","5611203","1"
"MANCIO LIMA","5611201","7"
"MANCIO LIMA","5590699","3"
"MANCIO LIMA","5320202","2"
"MANCIO LIMA","5229099","1"
"MANCIO LIMA","5099899","1"
"MANCIO LIMA","4929902","1"
"MANCIO LIMA","4929901","1"
"MANCIO LIMA","4924800","1"
"MANCIO LIMA","4923001","1"
"MANCIO LIMA","4789099","1"
"MANCIO LIMA","4789002","2"
"MANCIO LIMA","4789001","1"
"MANCIO LIMA","4782201","1"
"MANCIO LIMA","4781400","49"
"MANCIO LIMA","4772500","6"
"MANCIO LIMA","4763601","1"
"MANCIO LIMA","4761003","1"
"MANCIO LIMA","4759899","3"
"MANCIO LIMA","4757100","1"
"MANCIO LIMA","4755503","6"
"MANCIO LIMA","4755502","7"
"MANCIO LIMA","4753900","3"
"MANCIO LIMA","4751201","1"
"MANCIO LIMA","4744099","3"
"MANCIO LIMA","4744002","1"
"MANCIO LIMA","4729699","6"
"MANCIO LIMA","4724500","4"
"MANCIO LIMA","4723700","6"
"MANCIO LIMA","4722902","1"
"MANCIO LIMA","4722901","1"
"MANCIO LIMA","4721102","2"
"MANCIO LIMA","4713002","1"
"MANCIO LIMA","4712100","20"
"MANCIO LIMA","4543900","2"
"MANCIO LIMA","4541206","2"
"MANCIO LIMA","4530703","1"
"MANCIO LIMA","4520006","3"
"MANCIO LIMA","4520005","5"
"MANCIO LIMA","4520001","2"
"MANCIO LIMA","4399103","4"
"MANCIO LIMA","4330404","1"
"MANCIO LIMA","4322302","4"
"MANCIO LIMA","4321500","3"
"MANCIO LIMA","3299099","1"
"MANCIO LIMA","3299004","1"
"MANCIO LIMA","3212400","2"
"MANCIO LIMA","3103900","1"
"MANCIO LIMA","3101200","2"
"MANCIO LIMA","2599399","1"
"MANCIO LIMA","2542000","1"
"MANCIO LIMA","2512800","1"
"MANCIO LIMA","2342702","1"
"MANCIO LIMA","1813099","1"
"MANCIO LIMA","1813001","1"
"MANCIO LIMA","1411801","1"
"MANCIO LIMA","1352900","1"
"MANCIO LIMA","1340599","1"
"MANCIO LIMA","1091102","1"
"MANCIO LIMA","1091101","2"
"MANCIO LIMA","0161003","1"
"MANOEL URBANO","9602502","1"
"MANOEL URBANO","9602501","9"
"MANOEL URBANO","8599603","1"
"MANOEL URBANO","8592999","1"
"MANOEL URBANO","8592903","1"
"MANOEL URBANO","8230002","1"
"MANOEL URBANO","8219999","2"
"MANOEL URBANO","7911200","2"
"MANOEL URBANO","7319002","3"
"MANOEL URBANO","5620104","5"
"MANOEL URBANO","5620101","2"
"MANOEL URBANO","5612100","2"
"MANOEL URBANO","5611205","11"
"MANOEL URBANO","5611204","3"
"MANOEL URBANO","5611203","10"
"MANOEL URBANO","5611201","8"
"MANOEL URBANO","5590699","1"
"MANOEL URBANO","5320202","1"
"MANOEL URBANO","5223100","1"
"MANOEL URBANO","4923001","1"
"MANOEL URBANO","4789099","2"
"MANOEL URBANO","4789004","1"
"MANOEL URBANO","4789001","1"
"MANOEL URBANO","4782201","1"
"MANOEL URBANO","4781400","21"
"MANOEL URBANO","4774100","1"
"MANOEL URBANO","4772500","8"
"MANOEL URBANO","4763603","1"
"MANOEL URBANO","4763602","1"
"MANOEL URBANO","4763601","1"
"MANOEL URBANO","4761003","1"
"MANOEL URBANO","4755503","2"
"MANOEL URBANO","4755502","7"
"MANOEL URBANO","4753900","1"
"MANOEL URBANO","4752100","3"
"MANOEL URBANO","4729699","1"
"MANOEL URBANO","4724500","2"
"MANOEL URBANO","4723700","11"
"MANOEL URBANO","4722901","5"
"MANOEL URBANO","4721102","4"
"MANOEL URBANO","4713002","2"
"MANOEL URBANO","4712100","40"
"MANOEL URBANO","4543900","1"
"MANOEL URBANO","4541206","3"
"MANOEL URBANO","4530703","1"
"MANOEL URBANO","4520001","2"
"MANOEL URBANO","4330404","1"
"MANOEL URBANO","4322302","2"
"MANOEL URBANO","4321500","1"
"MANOEL URBANO","3314711","2"
"MANOEL URBANO","3101200","3"
"MANOEL URBANO","2599301","2"
"MANOEL URBANO","2542000","1"
"MANOEL URBANO","1629301","1"
"MANOEL URBANO","1622699","1"
"MANOEL URBANO","1412601","1"
"MANOEL URBANO","1096100","1"
"MANOEL URBANO","1091101","2"
"MANOEL URBANO","1065101","1"
"MANOEL URBANO","1052000","1"
"MANOEL URBANO","1031700","2"
"MANOEL URBANO","0161003","3"
"MANOEL URBANO","0121101","1"
"MARECHAL THAUMATURGO","9602502","1"
"MARECHAL THAUMATURGO","9602501","5"
"MARECHAL THAUMATURGO","9512600","1"
"MARECHAL THAUMATURGO","9511800","1"
"MARECHAL THAUMATURGO","9329899","3"
"MARECHAL THAUMATURGO","8599604","6"
"MARECHAL THAUMATURGO","8599603","1"
"MARECHAL THAUMATURGO","8592999","2"
"MARECHAL THAUMATURGO","8230002","2"
"MARECHAL THAUMATURGO","8230001","2"
"MARECHAL THAUMATURGO","8219999","4"
"MARECHAL THAUMATURGO","8219901","1"
"MARECHAL THAUMATURGO","7912100","1"
"MARECHAL THAUMATURGO","7739099","1"
"MARECHAL THAUMATURGO","7420004","1"
"MARECHAL THAUMATURGO","7319099","1"
"MARECHAL THAUMATURGO","7319002","2"
"MARECHAL THAUMATURGO","5620104","1"
"MARECHAL THAUMATURGO","5620101","1"
"MARECHAL THAUMATURGO","5612100","3"
"MARECHAL THAUMATURGO","5611205","2"
"MARECHAL THAUMATURGO","5611204","6"
"MARECHAL THAUMATURGO","5611203","1"
"MARECHAL THAUMATURGO","5611201","2"
"MARECHAL THAUMATURGO","5590699","2"
"MARECHAL THAUMATURGO","5320202","1"
"MARECHAL THAUMATURGO","5229099","17"
"MARECHAL THAUMATURGO","5099899","16"
"MARECHAL THAUMATURGO","5091202","1"
"MARECHAL THAUMATURGO","4924800","1"
"MARECHAL THAUMATURGO","4789099","2"
"MARECHAL THAUMATURGO","4789005","2"
"MARECHAL THAUMATURGO","4789004","1"
"MARECHAL THAUMATURGO","4783101","1"
"MARECHAL THAUMATURGO","4782201","3"
"MARECHAL THAUMATURGO","4781400","32"
"MARECHAL THAUMATURGO","4772500","2"
"MARECHAL THAUMATURGO","4763602","1"
"MARECHAL THAUMATURGO","4755503","3"
"MARECHAL THAUMATURGO","4755502","11"
"MARECHAL THAUMATURGO","4753900","1"
"MARECHAL THAUMATURGO","4752100","1"
"MARECHAL THAUMATURGO","4751201","2"
"MARECHAL THAUMATURGO","4729699","1"
"MARECHAL THAUMATURGO","4724500","1"
"MARECHAL THAUMATURGO","4723700","8"
"MARECHAL THAUMATURGO","4722901","2"
"MARECHAL THAUMATURGO","4721102","1"
"MARECHAL THAUMATURGO","4712100","30"
"MARECHAL THAUMATURGO","4543900","2"
"MARECHAL THAUMATURGO","4541206","1"
"MARECHAL THAUMATURGO","4520006","2"
"MARECHAL THAUMATURGO","4520005","2"
"MARECHAL THAUMATURGO","4520001","1"
"MARECHAL THAUMATURGO","4399199","1"
"MARECHAL THAUMATURGO","4399105","2"
"MARECHAL THAUMATURGO","4399103","5"
"MARECHAL THAUMATURGO","4330404","1"
"MARECHAL THAUMATURGO","4330402","2"
"MARECHAL THAUMATURGO","4322302","1"
"MARECHAL THAUMATURGO","4321500","3"
"MARECHAL THAUMATURGO","3317102","1"
"MARECHAL THAUMATURGO","3314702","1"
"MARECHAL THAUMATURGO","3299099","1"
"MARECHAL THAUMATURGO","3291400","1"
"MARECHAL THAUMATURGO","3212400","1"
"MARECHAL THAUMATURGO","3101200","3"
"MARECHAL THAUMATURGO","2542000","3"
"MARECHAL THAUMATURGO","2539001","1"
"MARECHAL THAUMATURGO","1629301","1"
"MARECHAL THAUMATURGO","1622699","4"
"MARECHAL THAUMATURGO","1412602","1"
"MARECHAL THAUMATURGO","1091102","1"
"MARECHAL THAUMATURGO","1091101","1"
"MARECHAL THAUMATURGO","0161003","5"
"PLACIDO DE CASTRO","9700500","4"
"PLACIDO DE CASTRO","9609206","1"
"PLACIDO DE CASTRO","9602502","4"
"PLACIDO DE CASTRO","9602501","34"
"PLACIDO DE CASTRO","9529105","1"
"PLACIDO DE CASTRO","9529104","5"
"PLACIDO DE CASTRO","9512600","1"
"PLACIDO DE CASTRO","9001906","2"
"PLACIDO DE CASTRO","9001902","3"
"PLACIDO DE CASTRO","8599699","3"
"PLACIDO DE CASTRO","8599605","1"
"PLACIDO DE CASTRO","8599604","4"
"PLACIDO DE CASTRO","8592999","2"
"PLACIDO DE CASTRO","8592902","1"
"PLACIDO DE CASTRO","8291100","2"
"PLACIDO DE CASTRO","8230002","4"
"PLACIDO DE CASTRO","8230001","1"
"PLACIDO DE CASTRO","7912100","1"
"PLACIDO DE CASTRO","7911200","3"
"PLACIDO DE CASTRO","7739099","1"
"PLACIDO DE CASTRO","7739003","1"
"PLACIDO DE CASTRO","7731400","1"
"PLACIDO DE CASTRO","7420002","1"
"PLACIDO DE CASTRO","7319099","1"
"PLACIDO DE CASTRO","7319002","15"
"PLACIDO DE CASTRO","5620104","10"
"PLACIDO DE CASTRO","5620103","1"
"PLACIDO DE CASTRO","5620102","2"
"PLACIDO DE CASTRO","5612100","15"
"PLACIDO DE CASTRO","5611205","4"
"PLACIDO DE CASTRO","5611204","1"
"PLACIDO DE CASTRO","5611203","17"
"PLACIDO DE CASTRO","5611201","9"
"PLACIDO DE CASTRO","5320202","1"
"PLACIDO DE CASTRO","5229099","2"
"PLACIDO DE CASTRO","4930204","2"
"PLACIDO DE CASTRO","4930202","4"
"PLACIDO DE CASTRO","4930201","2"
"PLACIDO DE CASTRO","4929901","3"
"PLACIDO DE CASTRO","4789099","1"
"PLACIDO DE CASTRO","4789005","1"
"PLACIDO DE CASTRO","4789004","2"
"PLACIDO DE CASTRO","4789003","1"
"PLACIDO DE CASTRO","4789002","1"
"PLACIDO DE CASTRO","4789001","2"
"PLACIDO DE CASTRO","4782201","7"
"PLACIDO DE CASTRO","4781400","64"
"PLACIDO DE CASTRO","4774100","2"
"PLACIDO DE CASTRO","4772500","7"
"PLACIDO DE CASTRO","4763603","3"
"PLACIDO DE CASTRO","4763602","2"
"PLACIDO DE CASTRO","4759801","1"
"PLACIDO DE CASTRO","4757100","2"
"PLACIDO DE CASTRO","4755503","1"
"PLACIDO DE CASTRO","4755502","3"
"PLACIDO DE CASTRO","4754701","1"
"PLACIDO DE CASTRO","4752100","1"
"PLACIDO DE CASTRO","4751202","1"
"PLACIDO DE CASTRO","4751201","1"
"PLACIDO DE CASTRO","4744099","2"
"PLACIDO DE CASTRO","4744004","3"
"PLACIDO DE CASTRO","4744001","1"
"PLACIDO DE CASTRO","4742300","1"
"PLACIDO DE CASTRO","4729699","4"
"PLACIDO DE CASTRO","4729601","2"
"PLACIDO DE CASTRO","4724500","6"
"PLACIDO DE CASTRO","4723700","26"
"PLACIDO DE CASTRO","4722901","3"
"PLACIDO DE CASTRO","4721102","1"
"PLACIDO DE CASTRO","4713002","2"
"PLACIDO DE CASTRO","4712100","34"
"PLACIDO DE CASTRO","4543900","10"
"PLACIDO DE CASTRO","4541206","2"
"PLACIDO DE CASTRO","4530704","1"
"PLACIDO DE CASTRO","4530703","3"
"PLACIDO DE CASTRO","4520006","3"
"PLACIDO DE CASTRO","4520005","11"
"PLACIDO DE CASTRO","4520003","1"
"PLACIDO DE CASTRO","4520002","1"
"PLACIDO DE CASTRO","4520001","5"
"PLACIDO DE CASTRO","4399199","1"
"PLACIDO DE CASTRO","4399105","1"
"PLACIDO DE CASTRO","4399103","7"
"PLACIDO DE CASTRO","4330499","1"
"PLACIDO DE CASTRO","4330404","4"
"PLACIDO DE CASTRO","4322302","5"
"PLACIDO DE CASTRO","4321500","2"
"PLACIDO DE CASTRO","4120400","1"
"PLACIDO DE CASTRO","3831901","1"
"PLACIDO DE CASTRO","3314711","1"
"PLACIDO DE CASTRO","3299099","4"
"PLACIDO DE CASTRO","3101200","3"
"PLACIDO DE CASTRO","2599301","1"
"PLACIDO DE CASTRO","2543800","1"
"PLACIDO DE CASTRO","2542000","1"
"PLACIDO DE CASTRO","2229399","1"
"PLACIDO DE CASTRO","1821100","1"
"PLACIDO DE CASTRO","1622699","2"
"PLACIDO DE CASTRO","1412603","1"
"PLACIDO DE CASTRO","1412602","4"
"PLACIDO DE CASTRO","1412601","5"
"PLACIDO DE CASTRO","1099605","1"
"PLACIDO DE CASTRO","1099604","1"
"PLACIDO DE CASTRO","1095300","1"
"PLACIDO DE CASTRO","1091102","2"
"PLACIDO DE CASTRO","1091101","3"
"PLACIDO DE CASTRO","1052000","3"
"PLACIDO DE CASTRO","1031700","6"
"PLACIDO DE CASTRO","0159802","2"
"PORTO ACRE","9700500","1"
"PORTO ACRE","9602502","3"
"PORTO ACRE","9602501","16"
"PORTO ACRE","9521500","2"
"PORTO ACRE","9512600","4"
"PORTO ACRE","9511800","2"
"PORTO ACRE","8592999","1"
"PORTO ACRE","8299707","1"
"PORTO ACRE","8230002","1"
"PORTO ACRE","8219999","3"
"PORTO ACRE","7911200","2"
"PORTO ACRE","7731400","1"
"PORTO ACRE","7729202","1"
"PORTO ACRE","7319002","9"
"PORTO ACRE","6190699","1"
"PORTO ACRE","5819100","1"
"PORTO ACRE","5812301","1"
"PORTO ACRE","5620104","3"
"PORTO ACRE","5620103","1"
"PORTO ACRE","5620102","2"
"PORTO ACRE","5620101","2"
"PORTO ACRE","5612100","5"
"PORTO ACRE","5611205","11"
"PORTO ACRE","5611204","12"
"PORTO ACRE","5611203","15"
"PORTO ACRE","5611201","10"
"PORTO ACRE","5590699","1"
"PORTO ACRE","5099899","1"
"PORTO ACRE","5091201","1"
"PORTO ACRE","4930202","2"
"PORTO ACRE","4930201","3"
"PORTO ACRE","4924800","5"
"PORTO ACRE","4789099","1"
"PORTO ACRE","4789007","1"
"PORTO ACRE","4789005","1"
"PORTO ACRE","4789002","1"
"PORTO ACRE","4789001","1"
"PORTO ACRE","4782201","2"
"PORTO ACRE","4781400","65"
"PORTO ACRE","4772500","4"
"PORTO ACRE","4763603","2"
"PORTO ACRE","4761003","2"
"PORTO ACRE","4755503","8"
"PORTO ACRE","4755502","5"
"PORTO ACRE","4754701","2"
"PORTO ACRE","4752100","1"
"PORTO ACRE","4751201","2"
"PORTO ACRE","4744099","2"
"PORTO ACRE","4744002","1"
"PORTO ACRE","4744001","1"
"PORTO ACRE","4743100","1"
"PORTO ACRE","4742300","1"
"PORTO ACRE","4729699","1"
"PORTO ACRE","4729601","1"
"PORTO ACRE","4724500","13"
"PORTO ACRE","4723700","32"
"PORTO ACRE","4722902","1"
"PORTO ACRE","4722901","6"
"PORTO ACRE","4721102","6"
"PORTO ACRE","4713002","1"
"PORTO ACRE","4712100","16"
"PORTO ACRE","4543900","6"
"PORTO ACRE","4541206","4"
"PORTO ACRE","4520006","4"
"PORTO ACRE","4520005","6"
"PORTO ACRE","4520001","6"
"PORTO ACRE","4399103","1"
"PORTO ACRE","4330404","1"
"PORTO ACRE","4330402","2"
"PORTO ACRE","4329101","1"
"PORTO ACRE","4322302","2"
"PORTO ACRE","4321500","4"
"PORTO ACRE","3329501","1"
"PORTO ACRE","3314711","1"
"PORTO ACRE","3314707","2"
"PORTO ACRE","3103900","1"
"PORTO ACRE","3101200","13"
"PORTO ACRE","2542000","2"
"PORTO ACRE","2539001","1"
"PORTO ACRE","1629302","1"
"PORTO ACRE","1629301","4"
"PORTO ACRE","1539400","1"
"PORTO ACRE","1529700","1"
"PORTO ACRE","1412602","2"
"PORTO ACRE","1412601","1"
"PORTO ACRE","1340599","1"
"PORTO ACRE","1091102","3"
"PORTO ACRE","1091101","4"
"PORTO ACRE","1063500","1"
"PORTO ACRE","1052000","1"
"PORTO ACRE","1031700","1"
"PORTO ACRE","0161003","1"
"PORTO ACRE","0121101","1"
"PORTO WALTER","9602501","3"
"PORTO WALTER","9511800","1"
"PORTO WALTER","8599699","1"
"PORTO WALTER","8299707","1"
"PORTO WALTER","8230002","1"
"PORTO WALTER","8230001","1"
"PORTO WALTER","7739003","1"
"PORTO WALTER","7729202","1"
"PORTO WALTER","7319002","1"
"PORTO WALTER","6190699","2"
"PORTO WALTER","5612100","1"
"PORTO WALTER","5611205","2"
"PORTO WALTER","5611204","3"
"PORTO WALTER","5611203","1"
"PORTO WALTER","5611201","7"
"PORTO WALTER","5099899","29"
"PORTO WALTER","4789099","2"
"PORTO WALTER","4782201","2"
"PORTO WALTER","4781400","18"
"PORTO WALTER","4772500","3"
"PORTO WALTER","4763604","1"
"PORTO WALTER","4763602","2"
"PORTO WALTER","4763601","1"
"PORTO WALTER","4761003","1"
"PORTO WALTER","4761001","1"
"PORTO WALTER","4757100","4"
"PORTO WALTER","4755503","1"
"PORTO WALTER","4755502","3"
"PORTO WALTER","4752100","1"
"PORTO WALTER","4751201","4"
"PORTO WALTER","4744004","1"
"PORTO WALTER","4743100","1"
"PORTO WALTER","4729699","2"
"PORTO WALTER","4723700","9"
"PORTO WALTER","4722901","3"
"PORTO WALTER","4721102","3"
"PORTO WALTER","4713002","1"
"PORTO WALTER","4712100","32"
"PORTO WALTER","4543900","1"
"PORTO WALTER","4541206","2"
"PORTO WALTER","4520006","1"
"PORTO WALTER","4520005","3"
"PORTO WALTER","4520001","1"
"PORTO WALTER","4399103","4"
"PORTO WALTER","4330499","1"
"PORTO WALTER","4330404","2"
"PORTO WALTER","4322302","1"
"PORTO WALTER","3321000","1"
"PORTO WALTER","3317102","1"
"PORTO WALTER","3313901","2"
"PORTO WALTER","3101200","6"
"PORTO WALTER","2599399","1"
"PORTO WALTER","2599301","1"
"PORTO WALTER","2539001","2"
"PORTO WALTER","1629302","1"
"PORTO WALTER","1622699","3"
"PORTO WALTER","1412602","2"
"PORTO WALTER","1340501","1"
"PORTO WALTER","1091101","3"
"PORTO WALTER","1063500","1"
"RIO BRANCO","9700500","93"
"RIO BRANCO","9609299","30"
"RIO BRANCO","9609208","16"
"RIO BRANCO","9609207","3"
"RIO BRANCO","9609206","27"
"RIO BRANCO","9603304","1"
"RIO BRANCO","9602502","368"
"RIO BRANCO","9602501","1181"
"RIO BRANCO","9601703","3"
"RIO BRANCO","9601701","12"
"RIO BRANCO","9529199","9"
"RIO BRANCO","9529106","7"
"RIO BRANCO","9529105","10"
"RIO BRANCO","9529104","16"
"RIO BRANCO","9529103","6"
"RIO BRANCO","9529102","16"
"RIO BRANCO","9529101","5"
"RIO BRANCO","9521500","28"
"RIO BRANCO","9512600","110"
"RIO BRANCO","9511800","135"
"RIO BRANCO","9329899","5"
"RIO BRANCO","9329804","1"
"RIO BRANCO","9001906","24"
"RIO BRANCO","9001902","46"
"RIO BRANCO","9001901","3"
"RIO BRANCO","8712300","87"
"RIO BRANCO","8599699","155"
"RIO BRANCO","8599605","32"
"RIO BRANCO","8599604","160"
"RIO BRANCO","8599603","25"
"RIO BRANCO","8593700","5"
"RIO BRANCO","8592999","53"
"RIO BRANCO","8592903","12"
"RIO BRANCO","8592902","3"
"RIO BRANCO","8299799","11"
"RIO BRANCO","8299707","20"
"RIO BRANCO","8292000","1"
"RIO BRANCO","8291100","83"
"RIO BRANCO","8230002","19"
"RIO BRANCO","8230001","156"
"RIO BRANCO","8219999","208"
"RIO BRANCO","8219901","17"
"RIO BRANCO","8130300","35"
"RIO BRANCO","8129000","41"
"RIO BRANCO","8122200","1"
"RIO BRANCO","8020002","18"
"RIO BRANCO","8011102","1"
"RIO BRANCO","7990200","7"
"RIO BRANCO","7912100","7"
"RIO BRANCO","7911200","77"
"RIO BRANCO","7739099","11"
"RIO BRANCO","7739003","1"
"RIO BRANCO","7739002","4"
"RIO BRANCO","7733100","4"
"RIO BRANCO","7732201","8"
"RIO BRANCO","7731400","4"
"RIO BRANCO","7729203","1"
"RIO BRANCO","7729202","21"
"RIO BRANCO","7729201","3"
"RIO BRANCO","7723300","1"
"RIO BRANCO","7722500","2"
"RIO BRANCO","7721700","17"
"RIO BRANCO","7719599","7"
"RIO BRANCO","7490102","2"
"RIO BRANCO","7420004","18"
"RIO BRANCO","7420003","4"
"RIO BRANCO","7420002","5"
"RIO BRANCO","7420001","86"
"RIO BRANCO","7319099","9"
"RIO BRANCO","7319003","1"
"RIO BRANCO","7319002","1264"
"RIO BRANCO","6399200","23"
"RIO BRANCO","6190699","16"
"RIO BRANCO","5912099","113"
"RIO BRANCO","5819100","70"
"RIO BRANCO","5813100","12"
"RIO BRANCO","5812302","9"
"RIO BRANCO","5812301","44"
"RIO BRANCO","5811500","7"
"RIO BRANCO","5620104","513"
"RIO BRANCO","5620103","4"
"RIO BRANCO","5620102","69"
"RIO BRANCO","5620101","44"
"RIO BRANCO","5612100","236"
"RIO BRANCO","5611205","127"
"RIO BRANCO","5611204","146"
"RIO BRANCO","5611203","534"
"RIO BRANCO","5611201","428"
"RIO BRANCO","5590699","7"
"RIO BRANCO","5590603","17"
"RIO BRANCO","5590601","3"
"RIO BRANCO","5320202","231"
"RIO BRANCO","5320201","60"
"RIO BRANCO","5310502","1"
"RIO BRANCO","5229099","154"
"RIO BRANCO","5229002","6"
"RIO BRANCO","5223100","14"
"RIO BRANCO","5212500","11"
"RIO BRANCO","5099899","1"
"RIO BRANCO","5091202","1"
"RIO BRANCO","4930204","22"
"RIO BRANCO","4930203","4"
"RIO BRANCO","4930202","85"
"RIO BRANCO","4930201","212"
"RIO BRANCO","4929902","19"
"RIO BRANCO","4929901","43"
"RIO BRANCO","4924800","7"
"RIO BRANCO","4923001","56"
"RIO BRANCO","4789099","137"
"RIO BRANCO","4789008","8"
"RIO BRANCO","4789007","12"
"RIO BRANCO","4789005","32"
"RIO BRANCO","4789004","41"
"RIO BRANCO","4789003","8"
"RIO BRANCO","4789002","24"
"RIO BRANCO","4789001","67"
"RIO BRANCO","4785799","6"
"RIO BRANCO","4783102","25"
"RIO BRANCO","4783101","65"
"RIO BRANCO","4782202","7"
"RIO BRANCO","4782201","102"
"RIO BRANCO","4781400","2146"
"RIO BRANCO","4774100","38"
"RIO BRANCO","4773300","21"
"RIO BRANCO","4772500","287"
"RIO BRANCO","4771704","1"
"RIO BRANCO","4763604","8"
"RIO BRANCO","4763603","18"
"RIO BRANCO","4763602","36"
"RIO BRANCO","4763601","37"
"RIO BRANCO","4762800","1"
"RIO BRANCO","4761003","27"
"RIO BRANCO","4761002","3"
"RIO BRANCO","4761001","13"
"RIO BRANCO","4759899","41"
"RIO BRANCO","4759801","9"
"RIO BRANCO","4757100","50"
"RIO BRANCO","4756300","3"
"RIO BRANCO","4755503","86"
"RIO BRANCO","4755502","55"
"RIO BRANCO","4755501","3"
"RIO BRANCO","4754703","2"
"RIO BRANCO","4754702","15"
"RIO BRANCO","4754701","18"
"RIO BRANCO","4753900","27"
"RIO BRANCO","4752100","148"
"RIO BRANCO","4751202","2"
"RIO BRANCO","4751201","83"
"RIO BRANCO","4744099","73"
"RIO BRANCO","4744004","11"
"RIO BRANCO","4744003","3"
"RIO BRANCO","4744002","11"
"RIO BRANCO","4744001","15"
"RIO BRANCO","4743100","34"
"RIO BRANCO","4742300","10"
"RIO BRANCO","4741500","2"
"RIO BRANCO","4732600","6"
"RIO BRANCO","4729699","162"
"RIO BRANCO","4729601","30"
"RIO BRANCO","4724500","104"
"RIO BRANCO","4723700","697"
"RIO BRANCO","4722902","25"
"RIO BRANCO","4722901","67"
"RIO BRANCO","4721104","13"
"RIO BRANCO","4721103","16"
"RIO BRANCO","4721102","42"
"RIO BRANCO","4713002","63"
"RIO BRANCO","4712100","482"
"RIO BRANCO","4543900","81"
"RIO BRANCO","4541207","3"
"RIO BRANCO","4541206","52"
"RIO BRANCO","4530705","2"
"RIO BRANCO","4530704","18"
"RIO BRANCO","4530703","64"
"RIO BRANCO","4520008","2"
"RIO BRANCO","4520007","41"
"RIO BRANCO","4520006","54"
"RIO BRANCO","4520005","114"
"RIO BRANCO","4520003","30"
"RIO BRANCO","4520002","89"
"RIO BRANCO","4520001","199"
"RIO BRANCO","4399199","8"
"RIO BRANCO","4399105","2"
"RIO BRANCO","4399103","294"
"RIO BRANCO","4330499","19"
"RIO BRANCO","4330405","9"
"RIO BRANCO","4330404","102"
"RIO BRANCO","4330403","25"
"RIO BRANCO","4330402","6"
"RIO BRANCO","4329104","2"
"RIO BRANCO","4329103","3"
"RIO BRANCO","4329101","7"
"RIO BRANCO","4322303","2"
"RIO BRANCO","4322302","215"
"RIO BRANCO","4322301","10"
"RIO BRANCO","4321500","261"
"RIO BRANCO","3831999","4"
"RIO BRANCO","3831901","14"
"RIO BRANCO","3811400","5"
"RIO BRANCO","3702900","5"
"RIO BRANCO","3600602","18"
"RIO BRANCO","3329501","21"
"RIO BRANCO","3321000","8"
"RIO BRANCO","3319800","11"
"RIO BRANCO","3314799","3"
"RIO BRANCO","3314720","2"
"RIO BRANCO","3314719","1"
"RIO BRANCO","3314712","2"
"RIO BRANCO","3314711","9"
"RIO BRANCO","3314710","6"
"RIO BRANCO","3314709","1"
"RIO BRANCO","3314707","27"
"RIO BRANCO","3314706","1"
"RIO BRANCO","3314702","2"
"RIO BRANCO","3314701","1"
"RIO BRANCO","3313999","2"
"RIO BRANCO","3313901","13"
"RIO BRANCO","3311200","3"
"RIO BRANCO","3299099","61"
"RIO BRANCO","3299006","2"
"RIO BRANCO","3299004","4"
"RIO BRANCO","3299003","1"
"RIO BRANCO","3299002","1"
"RIO BRANCO","3292202","1"
"RIO BRANCO","3291400","7"
"RIO BRANCO","3240099","1"
"RIO BRANCO","3212400","18"
"RIO BRANCO","3211603","1"
"RIO BRANCO","3211602","1"
"RIO BRANCO","3104700","1"
"RIO BRANCO","3103900","18"
"RIO BRANCO","3102100","5"
"RIO BRANCO","3101200","94"
"RIO BRANCO","2950600","5"
"RIO BRANCO","2740602","1"
"RIO BRANCO","2599399","5"
"RIO BRANCO","2599301","9"
"RIO BRANCO","2543800","5"
"RIO BRANCO","2542000","87"
"RIO BRANCO","2541100","2"
"RIO BRANCO","2539001","23"
"RIO BRANCO","2532201","1"
"RIO BRANCO","2512800","8"
"RIO BRANCO","2399101","4"
"RIO BRANCO","2391503","23"
"RIO BRANCO","2349499","8"
"RIO BRANCO","2330399","8"
"RIO BRANCO","2319200","1"
"RIO BRANCO","2229399","4"
"RIO BRANCO","2219600","2"
"RIO BRANCO","1822901","2"
"RIO BRANCO","1821100","16"
"RIO BRANCO","1813099","11"
"RIO BRANCO","1813001","32"
"RIO BRANCO","1749400","22"
"RIO BRANCO","1731100","1"
"RIO BRANCO","1629302","1"
"RIO BRANCO","1629301","18"
"RIO BRANCO","1623400","1"
"RIO BRANCO","1622699","22"
"RIO BRANCO","1539400","1"
"RIO BRANCO","1531902","1"
"RIO BRANCO","1529700","4"
"RIO BRANCO","1521100","1"
"RIO BRANCO","1422300","2"
"RIO BRANCO","1414200","1"
"RIO BRANCO","1413403","4"
"RIO BRANCO","1412603","14"
"RIO BRANCO","1412602","81"
"RIO BRANCO","1412601","57"
"RIO BRANCO","1411802","1"
"RIO BRANCO","1411801","2"
"RIO BRANCO","1359600","20"
"RIO BRANCO","1352900","25"
"RIO BRANCO","1351100","2"
"RIO BRANCO","1340599","10"
"RIO BRANCO","1340501","3"
"RIO BRANCO","1322700","1"
"RIO BRANCO","1220499","2"
"RIO BRANCO","1122403","3"
"RIO BRANCO","1099604","3"
"RIO BRANCO","1096100","25"
"RIO BRANCO","1095300","10"
"RIO BRANCO","1094500","19"
"RIO BRANCO","1093702","6"
"RIO BRANCO","1093701","8"
"RIO BRANCO","1092900","4"
"RIO BRANCO","1091102","121"
"RIO BRANCO","1091101","35"
"RIO BRANCO","1065101","3"
"RIO BRANCO","1063500","9"
"RIO BRANCO","1052000","2"
"RIO BRANCO","1033302","5"
"RIO BRANCO","1031700","17"
"RIO BRANCO","1013901","2"
"RIO BRANCO","0322104","3"
"RIO BRANCO","0161003","39"
"RIO BRANCO","0161002","5"
"RIO BRANCO","0159802","9"
"RIO BRANCO","0121101","8"
"RODRIGUES ALVES","9609299","1"
"RODRIGUES ALVES","9602501","2"
"RODRIGUES ALVES","9512600","1"
"RODRIGUES ALVES","9329899","1"
"RODRIGUES ALVES","8599604","1"
"RODRIGUES ALVES","8592999","1"
"RODRIGUES ALVES","8592903","1"
"RODRIGUES ALVES","8291100","1"
"RODRIGUES ALVES","8230002","1"
"RODRIGUES ALVES","8230001","1"
"RODRIGUES ALVES","8129000","1"
"RODRIGUES ALVES","7912100","1"
"RODRIGUES ALVES","7420004","1"
"RODRIGUES ALVES","7319099","1"
"RODRIGUES ALVES","7319002","10"
"RODRIGUES ALVES","5620104","3"
"RODRIGUES ALVES","5620102","1"
"RODRIGUES ALVES","5612100","2"
"RODRIGUES ALVES","5611205","14"
"RODRIGUES ALVES","5611204","13"
"RODRIGUES ALVES","5611203","1"
"RODRIGUES ALVES","5611201","9"
"RODRIGUES ALVES","5590699","1"
"RODRIGUES ALVES","5212500","1"
"RODRIGUES ALVES","5099899","3"
"RODRIGUES ALVES","5091202","3"
"RODRIGUES ALVES","4930201","1"
"RODRIGUES ALVES","4924800","1"
"RODRIGUES ALVES","4923001","1"
"RODRIGUES ALVES","4789007","1"
"RODRIGUES ALVES","4789004","1"
"RODRIGUES ALVES","4789002","1"
"RODRIGUES ALVES","4789001","1"
"RODRIGUES ALVES","4782201","3"
"RODRIGUES ALVES","4781400","24"
"RODRIGUES ALVES","4774100","2"
"RODRIGUES ALVES","4763604","1"
"RODRIGUES ALVES","4763603","2"
"RODRIGUES ALVES","4761003","1"
"RODRIGUES ALVES","4755503","1"
"RODRIGUES ALVES","4755502","4"
"RODRIGUES ALVES","4751201","2"
"RODRIGUES ALVES","4744002","1"
"RODRIGUES ALVES","4729699","3"
"RODRIGUES ALVES","4724500","2"
"RODRIGUES ALVES","4723700","8"
"RODRIGUES ALVES","4722901","3"
"RODRIGUES ALVES","4721103","3"
"RODRIGUES ALVES","4721102","2"
"RODRIGUES ALVES","4712100","12"
"RODRIGUES ALVES","4543900","1"
"RODRIGUES ALVES","4541206","4"
"RODRIGUES ALVES","4530703","2"
"RODRIGUES ALVES","4520006","2"
"RODRIGUES ALVES","4520005","3"
"RODRIGUES ALVES","4520002","1"
"RODRIGUES ALVES","4520001","1"
"RODRIGUES ALVES","4399105","1"
"RODRIGUES ALVES","4330499","1"
"RODRIGUES ALVES","4330404","2"
"RODRIGUES ALVES","4321500","2"
"RODRIGUES ALVES","3600602","1"
"RODRIGUES ALVES","3317102","1"
"RODRIGUES ALVES","3299099","1"
"RODRIGUES ALVES","3101200","1"
"RODRIGUES ALVES","2542000","1"
"RODRIGUES ALVES","2539001","1"
"RODRIGUES ALVES","1629301","1"
"RODRIGUES ALVES","1622699","1"
"RODRIGUES ALVES","1531902","1"
"RODRIGUES ALVES","1412602","3"
"RODRIGUES ALVES","1091101","2"
"RODRIGUES ALVES","1033301","1"
"RODRIGUES ALVES","1031700","1"
"SANTA ROSA DO PURUS","9602501","4"
"SANTA ROSA DO PURUS","9521500","2"
"SANTA ROSA DO PURUS","9512600","1"
"SANTA ROSA DO PURUS","9329803","1"
"SANTA ROSA DO PURUS","8219999","1"
"SANTA ROSA DO PURUS","7319002","1"
"SANTA ROSA DO PURUS","5620104","2"
"SANTA ROSA DO PURUS","5620101","1"
"SANTA ROSA DO PURUS","5611205","1"
"SANTA ROSA DO PURUS","5611204","1"
"SANTA ROSA DO PURUS","5611203","3"
"SANTA ROSA DO PURUS","5611201","2"
"SANTA ROSA DO PURUS","4781400","6"
"SANTA ROSA DO PURUS","4763604","1"
"SANTA ROSA DO PURUS","4755503","1"
"SANTA ROSA DO PURUS","4755502","1"
"SANTA ROSA DO PURUS","4751201","1"
"SANTA ROSA DO PURUS","4723700","3"
"SANTA ROSA DO PURUS","4722901","1"
"SANTA ROSA DO PURUS","4713002","1"
"SANTA ROSA DO PURUS","4712100","7"
"SANTA ROSA DO PURUS","4543900","3"
"SANTA ROSA DO PURUS","4541206","1"
"SANTA ROSA DO PURUS","4399103","1"
"SANTA ROSA DO PURUS","4322302","2"
"SANTA ROSA DO PURUS","4321500","1"
"SANTA ROSA DO PURUS","2542000","1"
"SANTA ROSA DO PURUS","1412603","1"
"SANTA ROSA DO PURUS","1412602","1"
"SANTA ROSA DO PURUS","1096100","1"
"SANTA ROSA DO PURUS","1091101","1"
"SENA MADUREIRA","9700500","1"
"SENA MADUREIRA","9609207","1"
"SENA MADUREIRA","9609206","2"
"SENA MADUREIRA","9602502","10"
"SENA MADUREIRA","9602501","42"
"SENA MADUREIRA","9529199","1"
"SENA MADUREIRA","9529104","1"
"SENA MADUREIRA","9521500","1"
"SENA MADUREIRA","9512600","3"
"SENA MADUREIRA","9511800","8"
"SENA MADUREIRA","9001906","1"
"SENA MADUREIRA","8712300","1"
"SENA MADUREIRA","8599699","2"
"SENA MADUREIRA","8599604","8"
"SENA MADUREIRA","8299707","1"
"SENA MADUREIRA","8291100","2"
"SENA MADUREIRA","8230002","1"
"SENA MADUREIRA","8230001","4"
"SENA MADUREIRA","8219999","5"
"SENA MADUREIRA","8219901","2"
"SENA MADUREIRA","8130300","1"
"SENA MADUREIRA","8129000","2"
"SENA MADUREIRA","7729202","1"
"SENA MADUREIRA","7420001","1"
"SENA MADUREIRA","7319002","44"
"SENA MADUREIRA","5912099","2"
"SENA MADUREIRA","5819100","4"
"SENA MADUREIRA","5812302","1"
"SENA MADUREIRA","5620104","41"
"SENA MADUREIRA","5620102","2"
"SENA MADUREIRA","5612100","9"
"SENA MADUREIRA","5611205","16"
"SENA MADUREIRA","5611204","4"
"SENA MADUREIRA","5611203","19"
"SENA MADUREIRA","5611201","13"
"SENA MADUREIRA","5590699","1"
"SENA MADUREIRA","5320201","1"
"SENA MADUREIRA","5229099","1"
"SENA MADUREIRA","5099899","2"
"SENA MADUREIRA","4930202","1"
"SENA MADUREIRA","4930201","3"
"SENA MADUREIRA","4929902","1"
"SENA MADUREIRA","4929901","1"
"SENA MADUREIRA","4924800","2"
"SENA MADUREIRA","4923001","5"
"SENA MADUREIRA","4789099","7"
"SENA MADUREIRA","4789005","1"
"SENA MADUREIRA","4789003","1"
"SENA MADUREIRA","4789002","2"
"SENA MADUREIRA","4783102","3"
"SENA MADUREIRA","4783101","4"
"SENA MADUREIRA","4782201","6"
"SENA MADUREIRA","4781400","188"
"SENA MADUREIRA","4774100","3"
"SENA MADUREIRA","4772500","28"
"SENA MADUREIRA","4763604","1"
"SENA MADUREIRA","4763603","2"
"SENA MADUREIRA","4763601","3"
"SENA MADUREIRA","4761001","1"
"SENA MADUREIRA","4759899","1"
"SENA MADUREIRA","4759801","2"
"SENA MADUREIRA","4757100","3"
"SENA MADUREIRA","4756300","2"
"SENA MADUREIRA","4755503","10"
"SENA MADUREIRA","4755502","5"
"SENA MADUREIRA","4753900","5"
"SENA MADUREIRA","4752100","5"
"SENA MADUREIRA","4751201","3"
"SENA MADUREIRA","4744099","3"
"SENA MADUREIRA","4744001","1"
"SENA MADUREIRA","4743100","1"
"SENA MADUREIRA","4742300","2"
"SENA MADUREIRA","4729699","9"
"SENA MADUREIRA","4729601","3"
"SENA MADUREIRA","4724500","2"
"SENA MADUREIRA","4723700","29"
"SENA MADUREIRA","4722902","2"
"SENA MADUREIRA","4722901","13"
"SENA MADUREIRA","4721104","1"
"SENA MADUREIRA","4721102","2"
"SENA MADUREIRA","4713002","1"
"SENA MADUREIRA","4712100","66"
"SENA MADUREIRA","4543900","5"
"SENA MADUREIRA","4541206","13"
"SENA MADUREIRA","4530704","1"
"SENA MADUREIRA","4530703","5"
"SENA MADUREIRA","4520007","2"
"SENA MADUREIRA","4520006","3"
"SENA MADUREIRA","4520005","13"
"SENA MADUREIRA","4520002","1"
"SENA MADUREIRA","4520001","1"
"SENA MADUREIRA","4399103","13"
"SENA MADUREIRA","4330404","5"
"SENA MADUREIRA","4330403","1"
"SENA MADUREIRA","4329105","1"
"SENA MADUREIRA","4322303","1"
"SENA MADUREIRA","4322302","5"
"SENA MADUREIRA","4321500","9"
"SENA MADUREIRA","3832700","1"
"SENA MADUREIRA","3314707","2"
"SENA MADUREIRA","3299099","3"
"SENA MADUREIRA","3230200","1"
"SENA MADUREIRA","3101200","6"
"SENA MADUREIRA","2950600","1"
"SENA MADUREIRA","2543800","1"
"SENA MADUREIRA","2542000","4"
"SENA MADUREIRA","2532201","2"
"SENA MADUREIRA","1813099","1"
"SENA MADUREIRA","1629301","1"
"SENA MADUREIRA","1622699","2"
"SENA MADUREIRA","1529700","2"
"SENA MADUREIRA","1422300","1"
"SENA MADUREIRA","1413403","1"
"SENA MADUREIRA","1412603","1"
"SENA MADUREIRA","1412602","12"
"SENA MADUREIRA","1412601","1"
"SENA MADUREIRA","1340501","1"
"SENA MADUREIRA","1099604","1"
"SENA MADUREIRA","1094500","1"
"SENA MADUREIRA","1091102","2"
"SENA MADUREIRA","1091101","6"
"SENA MADUREIRA","1063500","3"
"SENA MADUREIRA","1031700","3"
"SENA MADUREIRA","0161003","3"
"SENA MADUREIRA","0121101","1"
"SENADOR GUIOMARD","9700500","8"
"SENADOR GUIOMARD","9609208","2"
"SENADOR GUIOMARD","9602502","5"
"SENADOR GUIOMARD","9602501","52"
"SENADOR GUIOMARD","9529104","2"
"SENADOR GUIOMARD","9521500","3"
"SENADOR GUIOMARD","9512600","2"
"SENADOR GUIOMARD","9511800","8"
"SENADOR GUIOMARD","9001902","1"
"SENADOR GUIOMARD","8712300","2"
"SENADOR GUIOMARD","8599699","6"
"SENADOR GUIOMARD","8599605","2"
"SENADOR GUIOMARD","8599604","3"
"SENADOR GUIOMARD","8599603","1"
"SENADOR GUIOMARD","8592999","3"
"SENADOR GUIOMARD","8291100","2"
"SENADOR GUIOMARD","8230001","9"
"SENADOR GUIOMARD","8219999","12"
"SENADOR GUIOMARD","8130300","1"
"SENADOR GUIOMARD","7912100","9"
"SENADOR GUIOMARD","7911200","9"
"SENADOR GUIOMARD","7732201","1"
"SENADOR GUIOMARD","7731400","1"
"SENADOR GUIOMARD","7729201","1"
"SENADOR GUIOMARD","7719599","1"
"SENADOR GUIOMARD","7420001","4"
"SENADOR GUIOMARD","7319099","3"
"SENADOR GUIOMARD","7319002","20"
"SENADOR GUIOMARD","5912099","2"
"SENADOR GUIOMARD","5819100","2"
"SENADOR GUIOMARD","5812301","2"
"SENADOR GUIOMARD","5620104","11"
"SENADOR GUIOMARD","5620102","1"
"SENADOR GUIOMARD","5620101","1"
"SENADOR GUIOMARD","5612100","7"
"SENADOR GUIOMARD","5611205","6"
"SENADOR GUIOMARD","5611204","18"
"SENADOR GUIOMARD","5611203","29"
"SENADOR GUIOMARD","5611201","11"
"SENADOR GUIOMARD","5590602","1"
"SENADOR GUIOMARD","5320202","2"
"SENADOR GUIOMARD","5320201","1"
"SENADOR GUIOMARD","5229099","1"
"SENADOR GUIOMARD","4930202","4"
"SENADOR GUIOMARD","4930201","6"
"SENADOR GUIOMARD","4929902","1"
"SENADOR GUIOMARD","4929901","1"
"SENADOR GUIOMARD","4924800","1"
"SENADOR GUIOMARD","4789099","6"
"SENADOR GUIOMARD","4789008","1"
"SENADOR GUIOMARD","4789005","1"
"SENADOR GUIOMARD","4789004","2"
"SENADOR GUIOMARD","4789001","2"
"SENADOR GUIOMARD","4782201","6"
"SENADOR GUIOMARD","4781400","109"
"SENADOR GUIOMARD","4774100","3"
"SENADOR GUIOMARD","4773300","12"
"SENADOR GUIOMARD","4772500","16"
"SENADOR GUIOMARD","4763604","1"
"SENADOR GUIOMARD","4763603","1"
"SENADOR GUIOMARD","4763602","4"
"SENADOR GUIOMARD","4763601","1"
"SENADOR GUIOMARD","4761003","1"
"SENADOR GUIOMARD","4761001","1"
"SENADOR GUIOMARD","4759899","1"
"SENADOR GUIOMARD","4755503","9"
"SENADOR GUIOMARD","4755502","7"
"SENADOR GUIOMARD","4755501","3"
"SENADOR GUIOMARD","4753900","3"
"SENADOR GUIOMARD","4752100","4"
"SENADOR GUIOMARD","4751201","5"
"SENADOR GUIOMARD","4744099","6"
"SENADOR GUIOMARD","4744004","4"
"SENADOR GUIOMARD","4744003","1"
"SENADOR GUIOMARD","4744002","3"
"SENADOR GUIOMARD","4744001","2"
"SENADOR GUIOMARD","4743100","1"
"SENADOR GUIOMARD","4741500","1"
"SENADOR GUIOMARD","4732600","1"
"SENADOR GUIOMARD","4729699","11"
"SENADOR GUIOMARD","4724500","9"
"SENADOR GUIOMARD","4723700","48"
"SENADOR GUIOMARD","4722902","2"
"SENADOR GUIOMARD","4722901","9"
"SENADOR GUIOMARD","4721102","4"
"SENADOR GUIOMARD","4713002","3"
"SENADOR GUIOMARD","4712100","35"
"SENADOR GUIOMARD","4543900","5"
"SENADOR GUIOMARD","4541206","2"
"SENADOR GUIOMARD","4530704","2"
"SENADOR GUIOMARD","4530703","8"
"SENADOR GUIOMARD","4520007","3"
"SENADOR GUIOMARD","4520006","6"
"SENADOR GUIOMARD","4520005","6"
"SENADOR GUIOMARD","4520003","1"
"SENADOR GUIOMARD","4520002","2"
"SENADOR GUIOMARD","4520001","6"
"SENADOR GUIOMARD","4399199","1"
"SENADOR GUIOMARD","4399103","12"
"SENADOR GUIOMARD","4330404","4"
"SENADOR GUIOMARD","4330402","4"
"SENADOR GUIOMARD","4322302","7"
"SENADOR GUIOMARD","4322301","2"
"SENADOR GUIOMARD","4321500","21"
"SENADOR GUIOMARD","3329501","2"
"SENADOR GUIOMARD","3321000","1"
"SENADOR GUIOMARD","3314711","1"
"SENADOR GUIOMARD","3314707","2"
"SENADOR GUIOMARD","3313902","1"
"SENADOR GUIOMARD","3299099","3"
"SENADOR GUIOMARD","3292202","1"
"SENADOR GUIOMARD","3101200","16"
"SENADOR GUIOMARD","2599301","1"
"SENADOR GUIOMARD","2542000","4"
"SENADOR GUIOMARD","2539001","1"
"SENADOR GUIOMARD","2391503","1"
"SENADOR GUIOMARD","1629301","1"
"SENADOR GUIOMARD","1622699","2"
"SENADOR GUIOMARD","1529700","1"
"SENADOR GUIOMARD","1412602","2"
"SENADOR GUIOMARD","1412601","3"
"SENADOR GUIOMARD","1411801","1"
"SENADOR GUIOMARD","1096100","1"
"SENADOR GUIOMARD","1093701","1"
"SENADOR GUIOMARD","1091102","1"
"SENADOR GUIOMARD","1091101","4"
"SENADOR GUIOMARD","1063500","2"
"SENADOR GUIOMARD","1033302","1"
"SENADOR GUIOMARD","1033301","1"
"SENADOR GUIOMARD","1031700","2"
"SENADOR GUIOMARD","0322104","1"
"SENADOR GUIOMARD","0161003","2"
"SENADOR GUIOMARD","0159801","1"
"SENADOR GUIOMARD","0121101","1"
"TARAUACA","9700500","1"
"TARAUACA","9609206","1"
"TARAUACA","9602502","9"
"TARAUACA","9602501","24"
"TARAUACA","9529104","1"
"TARAUACA","9529103","1"
"TARAUACA","9521500","1"
"TARAUACA","9512600","4"
"TARAUACA","9511800","2"
"TARAUACA","8599605","1"
"TARAUACA","8599604","3"
"TARAUACA","8599603","2"
"TARAUACA","8592903","1"
"TARAUACA","8299799","1"
"TARAUACA","8299707","2"
"TARAUACA","8291100","6"
"TARAUACA","8230002","1"
"TARAUACA","8230001","3"
"TARAUACA","8219999","12"
"TARAUACA","8020002","2"
"TARAUACA","8011102","1"
"TARAUACA","7990200","3"
"TARAUACA","7912100","1"
"TARAUACA","7911200","2"
"TARAUACA","7739099","4"
"TARAUACA","7721700","1"
"TARAUACA","7420003","1"
"TARAUACA","7420002","1"
"TARAUACA","7420001","1"
"TARAUACA","7319099","2"
"TARAUACA","7319002","40"
"TARAUACA","5912099","4"
"TARAUACA","5812302","1"
"TARAUACA","5812301","2"
"TARAUACA","5620104","9"
"TARAUACA","5620102","1"
"TARAUACA","5620101","4"
"TARAUACA","5612100","16"
"TARAUACA","5611205","3"
"TARAUACA","5611204","2"
"TARAUACA","5611203","26"
"TARAUACA","5611201","14"
"TARAUACA","5590699","2"
"TARAUACA","5320202","1"
"TARAUACA","5320201","1"
"TARAUACA","5229099","11"
"TARAUACA","5212500","1"
"TARAUACA","5091201","1"
"TARAUACA","5011401","1"
"TARAUACA","4930204","1"
"TARAUACA","4930202","6"
"TARAUACA","4930201","2"
"TARAUACA","4929902","3"
"TARAUACA","4929901","2"
"TARAUACA","4924800","1"
"TARAUACA","4923001","3"
"TARAUACA","4789099","9"
"TARAUACA","4789008","1"
"TARAUACA","4789004","2"
"TARAUACA","4789003","2"
"TARAUACA","4789001","4"
"TARAUACA","4783101","5"
"TARAUACA","4782201","1"
"TARAUACA","4781400","87"
"TARAUACA","4774100","1"
"TARAUACA","4772500","21"
"TARAUACA","4763604","1"
"TARAUACA","4763603","3"
"TARAUACA","4763602","3"
"TARAUACA","4763601","1"
"TARAUACA","4762800","1"
"TARAUACA","4759899","7"
"TARAUACA","4757100","5"
"TARAUACA","4755503","15"
"TARAUACA","4755502","24"
"TARAUACA","4752100","7"
"TARAUACA","4751201","6"
"TARAUACA","4744099","4"
"TARAUACA","4744004","1"
"TARAUACA","4744002","1"
"TARAUACA","4744001","2"
"TARAUACA","4743100","1"
"TARAUACA","4742300","2"
"TARAUACA","4741500","1"
"TARAUACA","4729699","14"
"TARAUACA","4729601","3"
"TARAUACA","4724500","2"
"TARAUACA","4723700","17"
"TARAUACA","4722901","4"
"TARAUACA","4721104","2"
"TARAUACA","4721103","3"
"TARAUACA","4721102","2"
"TARAUACA","4713002","6"
"TARAUACA","4712100","48"
"TARAUACA","4543900","3"
"TARAUACA","4541206","2"
"TARAUACA","4530703","2"
"TARAUACA","4520006","5"
"TARAUACA","4520005","5"
"TARAUACA","4520001","1"
"TARAUACA","4399105","1"
"TARAUACA","4399103","6"
"TARAUACA","4330404","1"
"TARAUACA","4330402","3"
"TARAUACA","4329104","1"
"TARAUACA","4322302","4"
"TARAUACA","4321500","8"
"TARAUACA","3321000","1"
"TARAUACA","3314707","2"
"TARAUACA","3313999","1"
"TARAUACA","3299099","4"
"TARAUACA","3212400","2"
"TARAUACA","3102100","1"
"TARAUACA","2542000","4"
"TARAUACA","2539001","2"
"TARAUACA","2532201","1"
"TARAUACA","2512800","1"
"TARAUACA","2391503","1"
"TARAUACA","1629302","1"
"TARAUACA","1629301","1"
"TARAUACA","1622699","6"
"TARAUACA","1529700","1"
"TARAUACA","1412602","1"
"TARAUACA","1412601","1"
"TARAUACA","1352900","1"
"TARAUACA","1220499","1"
"TARAUACA","1094500","1"
"TARAUACA","1091102","1"
"TARAUACA","1091101","2"
"TARAUACA","1063500","1"
"TARAUACA","1052000","1"
"TARAUACA","1033302","1"
"TARAUACA","0322104","1"
"TARAUACA","0161003","1"
"TARAUACA","0121101","1"
"XAPURI","9602502","7"
"XAPURI","9602501","20"
"XAPURI","9601701","1"
"XAPURI","9529105","1"
"XAPURI","9521500","2"
"XAPURI","9511800","1"
"XAPURI","9001906","1"
"XAPURI","9001901","1"
"XAPURI","8599605","1"
"XAPURI","8599604","3"
"XAPURI","8592903","1"
"XAPURI","8291100","3"
"XAPURI","8230002","4"
"XAPURI","8230001","4"
"XAPURI","8219999","1"
"XAPURI","8130300","2"
"XAPURI","7911200","2"
"XAPURI","7732202","1"
"XAPURI","7729201","1"
"XAPURI","7420001","1"
"XAPURI","7319099","2"
"XAPURI","7319002","17"
"XAPURI","5912099","1"
"XAPURI","5620104","8"
"XAPURI","5620101","1"
"XAPURI","5612100","2"
"XAPURI","5611205","1"
"XAPURI","5611204","2"
"XAPURI","5611203","14"
"XAPURI","5611201","5"
"XAPURI","5590699","2"
"XAPURI","5590603","1"
"XAPURI","5320201","1"
"XAPURI","4924800","1"
"XAPURI","4923001","1"
"XAPURI","4789099","3"
"XAPURI","4789002","1"
"XAPURI","4783102","1"
"XAPURI","4783101","1"
"XAPURI","4782201","2"
"XAPURI","4781400","75"
"XAPURI","4773300","1"
"XAPURI","4772500","13"
"XAPURI","4763604","1"
"XAPURI","4763603","6"
"XAPURI","4761003","1"
"XAPURI","4757100","1"
"XAPURI","4755503","4"
"XAPURI","4754702","1"
"XAPURI","4752100","6"
"XAPURI","4751201","2"
"XAPURI","4744001","1"
"XAPURI","4742300","1"
"XAPURI","4729699","9"
"XAPURI","4724500","1"
"XAPURI","4723700","8"
"XAPURI","4722901","2"
"XAPURI","4721102","1"
"XAPURI","4713002","2"
"XAPURI","4712100","21"
"XAPURI","4543900","2"
"XAPURI","4541206","2"
"XAPURI","4530703","1"
"XAPURI","4520007","2"
"XAPURI","4520006","1"
"XAPURI","4520001","6"
"XAPURI","4399103","4"
"XAPURI","4330404","2"
"XAPURI","4322302","2"
"XAPURI","4321500","3"
"XAPURI","3314709","1"
"XAPURI","3314707","1"
"XAPURI","3313901","1"
"XAPURI","3299099","2"
"XAPURI","3101200","3"
"XAPURI","2542000","3"
"XAPURI","2539001","1"
"XAPURI","1813001","1"
"XAPURI","1629301","1"
"XAPURI","1412603","1"
"XAPURI","1352900","1"
"XAPURI","1099604","1"
"XAPURI","1096100","1"
"XAPURI","1091102","1"
"XAPURI","1091101","1"
"XAPURI","0161003","3"
"XAPURI","0159802","1"
